r 05081 154.4004963 -46.4266769 13
r 06558 154.385951  -46.4257183 14
r 10438 154.4220203 -46.4184423 10
r 10831 154.418836  -46.421602  15
r 10940 154.4177892 -46.4189271  4
r 11350 154.4140141 -46.4183902  7
r 11904 154.4095647 -46.4186727  6
r 21152 154.4195083 -46.4093147 12
r 23212 154.4025975 -46.3986404 25
r 23363 154.4006213 -46.4106651 54
r 23379 154.4006104 -46.4078003 15
r 23448 154.3998945 -46.4043377 12
r 23979 154.3953958 -46.409211  12
m 02758 154.4247164 -46.4257056  3
m 02815 154.4241708 -46.4254114 14
m 02816 154.4242421 -46.4251697 11
m 02899 154.4232539 -46.4255541 13
m 02945 154.423008  -46.4271337  3
m 02947 154.4229326 -46.4268941  7
m 02949 154.4228312 -46.4262509  6
m 02951 154.4225307 -46.4254798 12
m 03005 154.4224351 -46.427042   5
m 03006 154.4222032 -46.426947   7
m 03008 154.4223458 -46.4256541 15
m 03009 154.4222582 -46.4253229  3
m 03051 154.4217782 -46.4250711 14
m 03090 154.421259  -46.427189   3
m 03092 154.4214446 -46.4260602 15
m 03095 154.4214438 -46.4255316  3
m 03138 154.4208872 -46.4268978  8
m 03140 154.420697  -46.426482   6
m 03142 154.4208702 -46.4260381 14
m 03143 154.4207911 -46.4263296 15
m 03145 154.4207206 -46.4253539 15
m 03193 154.419991  -46.4258574 15
m 03194 154.4202813 -46.4256972 15
m 03248 154.4197565 -46.4260909 15
m 03251 154.4197383 -46.4252089 15
m 03252 154.4195594 -46.4252879 15
m 03350 154.4187055 -46.426878   6
m 03352 154.4185355 -46.4270202  6
m 03354 154.4186434 -46.4267092  5
m 03393 154.4181081 -46.4260858  5
m 03395 154.4180336 -46.4257658 15
m 03396 154.4184248 -46.4254054 15
m 03401 154.4181914 -46.4251979  5
m 03447 154.4176703 -46.4270541  5
m 03449 154.4175262 -46.4261948 15
m 03450 154.4175452 -46.4258703  5
m 03535 154.4167192 -46.4264014  6
m 03650 154.4158605 -46.4268172  3
m 03697 154.4151856 -46.4269905  4
m 03701 154.4149868 -46.4264937  7
m 03792 154.4139787 -46.42649    8
m 03795 154.4144345 -46.4256489 15
m 03838 154.4135068 -46.4266461  3
m 03885 154.413059  -46.4260929  6
m 03936 154.4126694 -46.4268528  4
m 03989 154.4119614 -46.4270224  5
m 04037 154.4119308 -46.4261277  6
m 04042 154.4115725 -46.4256764 13
m 04043 154.4115017 -46.4253964 15
m 04092 154.410968  -46.425757   3
m 04093 154.4109244 -46.4253706  4
m 04121 154.4104648 -46.4270848  6
m 04125 154.4109164 -46.4255696 15
m 04182 154.4101217 -46.4258945 15
m 04184 154.4100558 -46.425462  15
m 04187 154.4101988 -46.4252498 15
m 04223 154.4095447 -46.4263912  5
m 04258 154.409393  -46.4262382  8
m 04259 154.4090574 -46.4254343  9
m 04261 154.4091994 -46.4252376 15
m 04303 154.4086613 -46.4262421  5
m 04308 154.4086852 -46.4253931 15
m 04352 154.408178  -46.4267727 10
m 04357 154.4080587 -46.4263035 13
m 04358 154.4079319 -46.4261185  7
m 04363 154.4083896 -46.4250159 15
m 04365 154.4079707 -46.4251016 15
m 04404 154.4074192 -46.4270034  5
m 04405 154.4074075 -46.4268451  3
m 04409 154.40746   -46.4266569 12
m 04415 154.4074625 -46.4251249  3
m 04462 154.4072697 -46.4256651 14
m 04513 154.4066197 -46.4259677 23
m 04514 154.4067934 -46.4253677 20
m 04516 154.4065778 -46.4250738 19
m 04556 154.406263  -46.4272009  5
m 04557 154.4060875 -46.4271079  6
m 04563 154.4062252 -46.4265362 11
m 04566 154.4063886 -46.4261418 28
m 04570 154.4058905 -46.4258187 31
m 04571 154.4060874 -46.4255062 26
m 04603 154.4057181 -46.4269969 14
m 04612 154.4054337 -46.4257472 23
m 04648 154.405171  -46.4263554 23
m 04652 154.4049671 -46.4256571 18
m 04698 154.4044452 -46.4270851 10
m 04699 154.404769  -46.4271935  4
m 04701 154.4047777 -46.4261364  9
m 04705 154.4044579 -46.4253369 11
m 04707 154.4043807 -46.4251396 30
m 04751 154.4039439 -46.4262821 15
m 04814 154.4037394 -46.4267449 26
m 04849 154.4031949 -46.4267494 17
m 04852 154.4030549 -46.4269522 14
m 04853 154.4030982 -46.4257574 32
m 04900 154.4026749 -46.4266583 22
m 04942 154.4020798 -46.4269629  5
m 04944 154.4021673 -46.4263196 19
m 04994 154.4014991 -46.4262371 32
m 04995 154.4017208 -46.4259069 16
m 04996 154.401609  -46.4256796 31
m 04998 154.4016311 -46.425168  33
m 05040 154.4010111 -46.4271589  5
m 05045 154.4011828 -46.4264801 20
m 05046 154.4009113 -46.4264094 25
m 05048 154.4011038 -46.4256169 20
m 05080 154.4007876 -46.4269953 13
m 05083 154.400831  -46.4255535 17
m 05128 154.3999385 -46.4271486  5
m 05132 154.4003436 -46.4258493 22
m 05134 154.4003285 -46.4256114 34
m 05140 154.399968  -46.425277   7
m 05182 154.3996433 -46.4263398 15
m 05185 154.3993565 -46.4254973 21
m 05230 154.398852  -46.426713  16
m 05233 154.3990883 -46.4253395 19
m 05268 154.3987025 -46.4269987  7
m 05273 154.3986854 -46.4267049 13
m 05276 154.3984372 -46.4264563 18
m 05281 154.3988264 -46.4251721 22
m 05327 154.3979977 -46.426696  12
m 05328 154.3980289 -46.4262702 20
m 05336 154.3979944 -46.4251738 21
m 05369 154.397594  -46.4268871 10
m 05370 154.3975776 -46.4260717 20
m 05371 154.397419  -46.4263369  3
m 05376 154.3973293 -46.4252242 21
m 05420 154.3970485 -46.425879  21
m 05461 154.3966891 -46.4268159 18
m 05466 154.396543  -46.4257365 21
m 05469 154.3964574 -46.4255851 20
m 05514 154.3959164 -46.4269885  4
m 05515 154.3961638 -46.4265734 11
m 05519 154.3962667 -46.425666  15
m 05577 154.3956798 -46.4269246 11
m 05579 154.3954652 -46.4267346 18
m 05583 154.3954353 -46.4260634 21
m 05642 154.3950024 -46.4253644 19
m 05690 154.3944207 -46.4274856  4
m 05694 154.3945601 -46.4256622 19
m 05695 154.3944052 -46.4254263  5
m 05696 154.3946776 -46.4251866 13
m 05746 154.3942545 -46.4264616 19
m 05799 154.393557  -46.4278922  4
m 05801 154.3937629 -46.4272806  5
m 05802 154.3936156 -46.4271093  8
m 05806 154.39371   -46.4267167 19
m 05814 154.3935178 -46.4251236  8
m 05849 154.3929273 -46.4279933  3
m 05850 154.392995  -46.4272     7
m 05852 154.3931756 -46.4268501 14
m 05854 154.3930366 -46.4256175 16
m 05897 154.3925505 -46.4282109  4
m 05899 154.3927529 -46.4276826  4
m 05903 154.3925753 -46.4271352  7
m 05907 154.3922903 -46.4264514  3
m 05912 154.392606  -46.4253431 17
m 05913 154.3925222 -46.4253845  9
m 05958 154.3920279 -46.4275284  4
m 05961 154.3921635 -46.4257163 19
m 05962 154.3918185 -46.4256442 11
m 06014 154.3916923 -46.4281279  4
m 06015 154.3916144 -46.4278744  4
m 06017 154.3916247 -46.4277501  4
m 06066 154.3911009 -46.4281522  4
m 06067 154.3909927 -46.4281551  4
m 06068 154.390963  -46.4283437  4
m 06072 154.3910524 -46.4277469  4
m 06125 154.3905009 -46.4268632 16
m 06166 154.390127  -46.4282218  3
m 06171 154.3897949 -46.4275683  3
m 06180 154.3898983 -46.4254266 20
m 06181 154.3902266 -46.4251922  5
m 06218 154.3897094 -46.4285205  4
m 06219 154.3896026 -46.4285812  4
m 06220 154.3895083 -46.4283775  4
m 06222 154.3894953 -46.4280757  4
m 06225 154.3895767 -46.4273399  4
m 06226 154.3892728 -46.4273413  5
m 06227 154.3897019 -46.4269845  9
m 06228 154.3895236 -46.4251968 21
m 06267 154.38916   -46.4270968 10
m 06273 154.3889486 -46.4257511 21
m 06324 154.3886712 -46.4264148 21
m 06329 154.3886531 -46.4253524 21
m 06330 154.3883263 -46.4253743  6
m 06372 154.3878065 -46.426019  19
m 06419 154.3873351 -46.4271343  3
m 06424 154.387423  -46.4253695  7
m 06471 154.3868508 -46.4251102 16
m 06513 154.386452  -46.4260573 12
m 06514 154.3865709 -46.4259721  5
m 06559 154.3862175 -46.4258107  5
m 06560 154.3859707 -46.4252101 17
m 06605 154.3857276 -46.4267159 13
m 06606 154.3854672 -46.4257541 16
m 06607 154.3852937 -46.4256858 13
m 06653 154.38479   -46.4251053 15
m 06693 154.3845033 -46.4261874 17
m 06741 154.3840503 -46.4262108 16
m 06824 154.382781  -46.4269251  6
m 06828 154.3830462 -46.4257214 13
m 06830 154.3831893 -46.425082  14
m 06866 154.3824587 -46.4261869 11
m 06872 154.3825514 -46.4250894 16
m 06910 154.3821979 -46.4268741  9
m 06914 154.3818085 -46.4255512  4
m 06917 154.3817383 -46.4253197  3
m 10151 154.42474   -46.4167423  8
m 10152 154.4246714 -46.416934   8
m 10164 154.4247444 -46.4144792 10
m 10165 154.4246945 -46.4142916 12
m 10170 154.4246106 -46.4139949  3
m 10171 154.4248477 -46.4128903  8
m 10183 154.4241768 -46.4241864  6
m 10184 154.424032  -46.4238648 13
m 10185 154.4240675 -46.4233777 10
m 10186 154.424448  -46.4231297 10
m 10187 154.4241835 -46.4228804 13
m 10191 154.4244773 -46.4218969  9
m 10192 154.4244147 -46.4220775  9
m 10198 154.4241162 -46.4206667  6
m 10200 154.4243498 -46.419863  13
m 10205 154.4243515 -46.4184205  8
m 10206 154.4242183 -46.4180522  8
m 10225 154.4240845 -46.4153786  6
m 10226 154.4244911 -46.4149644 11
m 10229 154.4243039 -46.4148485 14
m 10240 154.4243037 -46.4131192  3
m 10244 154.4241112 -46.4119478 14
m 10248 154.4243613 -46.4111486 13
m 10251 154.4240174 -46.4240438 14
m 10253 154.423774  -46.4242661 13
m 10258 154.4236995 -46.4226191  7
m 10260 154.4238349 -46.4221997 13
m 10266 154.4239595 -46.4202067 14
m 10271 154.4239101 -46.4186409 13
m 10274 154.4238655 -46.4177781 13
m 10277 154.4239257 -46.4167058 13
m 10279 154.423956  -46.4162905 14
m 10291 154.4235284 -46.4134631  5
m 10293 154.4236425 -46.4126801 25
m 10300 154.4234089 -46.424272  13
m 10302 154.4231111 -46.4241972 14
m 10305 154.4230722 -46.4235152  5
m 10309 154.4230327 -46.4230258  7
m 10310 154.4232422 -46.4222738 14
m 10318 154.4232603 -46.4201282 13
m 10319 154.4231899 -46.4203673 14
m 10320 154.423128  -46.4202044  7
m 10330 154.423313  -46.418221  14
m 10336 154.4232157 -46.4164584 12
m 10341 154.423465  -46.4151039 11
m 10344 154.4233448 -46.4148759 13
m 10351 154.4233943 -46.4119554 25
m 10352 154.4231268 -46.411924   9
m 10353 154.4232124 -46.4114255 15
m 10356 154.42285   -46.4249144  6
m 10359 154.4225977 -46.4241736 10
m 10369 154.4229237 -46.4219073  9
m 10371 154.4225919 -46.4215606 14
m 10372 154.4227329 -46.4212697 15
m 10377 154.4225609 -46.4198107 15
m 10378 154.4225159 -46.4200785 13
m 10382 154.4227364 -46.4193753 11
m 10385 154.4226755 -46.4180133 15
m 10390 154.4227008 -46.4160692 15
m 10394 154.4229319 -46.4151698 13
m 10395 154.4227016 -46.4150696  3
m 10396 154.4227877 -46.4147411 17
m 10399 154.4229067 -46.4139002  4
m 10401 154.4225718 -46.4137699 19
m 10406 154.4229889 -46.4122593 21
m 10407 154.422749  -46.4122157 23
m 10413 154.4223362 -46.4248719 14
m 10417 154.4224099 -46.4236394 15
m 10418 154.4220841 -46.4236072 15
m 10423 154.4220744 -46.422947  15
m 10424 154.4222615 -46.4227694  3
m 10425 154.4221606 -46.4221602 12
m 10426 154.4223012 -46.4214565 11
m 10430 154.4220535 -46.4206711 15
m 10434 154.4220731 -46.4198118 14
m 10435 154.4220446 -46.4199951 15
m 10446 154.4221425 -46.4147261 15
m 10454 154.422401  -46.4132598 27
m 10455 154.4222528 -46.413364  26
m 10457 154.4224203 -46.4129281  7
m 10458 154.4220271 -46.4131022 15
m 10460 154.4220862 -46.4126443 26
m 10461 154.4223923 -46.4125767  9
m 10463 154.4223735 -46.4111616 23
m 10464 154.4222915 -46.4112235  5
m 10466 154.4215159 -46.4248162 15
m 10477 154.4215586 -46.4222382 15
m 10479 154.4218078 -46.4216708 11
m 10480 154.4215961 -46.4217467 15
m 10481 154.4218366 -46.4209617 15
m 10483 154.421643  -46.4205389 15
m 10484 154.4219303 -46.4203749 15
m 10485 154.4217162 -46.4194407 15
m 10486 154.4217504 -46.4191902  5
m 10490 154.4217236 -46.4181343  8
m 10493 154.4215634 -46.418123   6
m 10514 154.4217587 -46.4141763 20
m 10515 154.4219582 -46.4137378  9
m 10517 154.4215543 -46.4136264  7
m 10520 154.4216132 -46.412773  22
m 10531 154.4213107 -46.4244833  3
m 10533 154.4214859 -46.4242124 14
m 10536 154.4210465 -46.4230819 14
m 10543 154.4211719 -46.4213543 15
m 10544 154.4214714 -46.4207262 11
m 10546 154.4213217 -46.4206247 12
m 10548 154.4214773 -46.4189394 15
m 10552 154.4214616 -46.4183259 12
m 10558 154.4210692 -46.4167224 15
m 10563 154.4211849 -46.4162443 15
m 10571 154.4213854 -46.4141248 26
m 10574 154.4213071 -46.4137659 11
m 10577 154.4214025 -46.4126738 16
m 10580 154.4211737 -46.4117953 18
m 10582 154.4213253 -46.4115983 24
m 10583 154.4212718 -46.4116688 13
m 10586 154.4205776 -46.4248795 14
m 10594 154.4205028 -46.422297  12
m 10601 154.4207699 -46.4212489 15
m 10605 154.4207728 -46.4204386 15
m 10608 154.4206393 -46.4199817 15
m 10612 154.4207288 -46.4188439 15
m 10616 154.4206917 -46.4182746 15
m 10620 154.4209468 -46.4168956 11
m 10622 154.4205376 -46.4169141  7
m 10625 154.4207539 -46.4160525  4
m 10626 154.4208638 -46.4158835  4
m 10628 154.4208186 -46.41496    3
m 10633 154.4208159 -46.4147824  3
m 10637 154.4208857 -46.4142642 24
m 10639 154.4206858 -46.4141528 18
m 10641 154.4209496 -46.413839  27
m 10642 154.4206466 -46.413826  27
m 10647 154.4209911 -46.4121171 11
m 10649 154.4208396 -46.4114374 14
m 10650 154.4207802 -46.41139   11
m 10658 154.4200323 -46.4239714 15
m 10667 154.4202306 -46.4235179 14
m 10669 154.4200511 -46.4223414 10
m 10670 154.4203524 -46.4219218 12
m 10672 154.4202858 -46.4216291 15
m 10675 154.4200359 -46.4205971 15
m 10682 154.4201996 -46.4191723 11
m 10683 154.4200443 -46.4191376  5
m 10684 154.4202352 -46.4188346 13
m 10697 154.4204241 -46.4146502 15
m 10698 154.4202088 -46.4148453 17
m 10699 154.4202036 -46.4145654 19
m 10703 154.4200101 -46.4120725 16
m 10704 154.4202429 -46.4119091  9
m 10705 154.4203188 -46.411647  27
m 10706 154.4203834 -46.4114915  3
m 10719 154.4198081 -46.421515  15
m 10720 154.4199031 -46.4213382 10
m 10723 154.4195436 -46.4208731 15
m 10726 154.4199786 -46.4204302 15
m 10727 154.4195657 -46.4201941 15
m 10730 154.4196906 -46.4200603 12
m 10734 154.4195697 -46.4186055 15
m 10735 154.4199505 -46.4182309  4
m 10738 154.4197116 -46.4176634 15
m 10741 154.4196761 -46.4162563 15
m 10742 154.4197719 -46.4157684  7
m 10745 154.4196976 -46.4154131  3
m 10748 154.4196057 -46.4138415 10
m 10753 154.4198233 -46.412466  26
m 10754 154.4195087 -46.4121283 20
m 10757 154.4190848 -46.4243079 13
m 10770 154.4191019 -46.4223404  6
m 10776 154.4194319 -46.4206194 15
m 10778 154.4191148 -46.4201264 15
m 10779 154.4194065 -46.4200407 15
m 10782 154.4194659 -46.4184191 15
m 10792 154.4193667 -46.4168241  4
m 10796 154.4194191 -46.4156086  5
m 10799 154.4192745 -46.4150128 15
m 10802 154.4191355 -46.4144774 13
m 10807 154.4192142 -46.4121511  6
m 10811 154.4190897 -46.412019  21
m 10812 154.4190695 -46.4118189 23
m 10816 154.4185992 -46.4249053  3
m 10817 154.4184857 -46.4246815 15
m 10818 154.418692  -46.4246349 14
m 10819 154.4186536 -46.4243442  8
m 10822 154.4185588 -46.4240679 15
m 10836 154.4188616 -46.4211392  6
m 10863 154.4185712 -46.4130263 20
m 10865 154.4185723 -46.4126513 21
m 10866 154.4189504 -46.4123471 26
m 10868 154.418484  -46.4122724  9
m 10871 154.4185705 -46.4117629 22
m 10877 154.4183787 -46.4224947 15
m 10884 154.4182264 -46.4206033 15
m 10889 154.4181508 -46.4197628 14
m 10895 154.4184275 -46.4183581 12
m 10896 154.4182045 -46.4177433 15
m 10900 154.4182761 -46.4172397 15
m 10901 154.4181281 -46.415574   3
m 10905 154.4182089 -46.4148937  4
m 10907 154.4184439 -46.4144797 20
m 10910 154.4183027 -46.4137357 13
m 10912 154.4180512 -46.4134838 27
m 10918 154.4184044 -46.4121718 22
m 10920 154.4180669 -46.4117989 10
m 10923 154.4174921 -46.4238992  6
m 10925 154.4175399 -46.4223326 10
m 10937 154.4177671 -46.4193357  4
m 10939 154.4178516 -46.4188864  3
m 10941 154.4178884 -46.4186274 14
m 10944 154.4176569 -46.4177606 15
m 10948 154.4177337 -46.4165716 14
m 10956 154.4178159 -46.414907  17
m 10961 154.4178826 -46.4134361 20
m 10964 154.4176175 -46.4127721 27
m 10967 154.4177271 -46.4121523  3
m 10968 154.4176493 -46.4118814 27
m 10972 154.4177071 -46.4111862 25
m 10973 154.4176159 -46.4114358 27
m 10977 154.4170209 -46.4234236  5
m 10978 154.4174246 -46.4231401 15
m 10981 154.4172179 -46.4223154 12
m 10985 154.4174353 -46.4215316  3
m 10988 154.4170679 -46.4213187  4
m 10990 154.4171529 -46.4203778 15
m 10993 154.417203  -46.4200259  4
m 10995 154.4172358 -46.4176697 10
m 10998 154.4170644 -46.4169503 15
m 10999 154.4174244 -46.416129  15
m 11000 154.4174358 -46.4156802  9
m 11001 154.4172066 -46.4159321 15
m 11008 154.41712   -46.4146986 14
m 11009 154.417351  -46.4145443 20
m 11011 154.4171155 -46.4143583 20
m 11012 154.4169733 -46.4142658 25
m 11016 154.4169993 -46.4136481  5
m 11020 154.4171217 -46.4125583 26
m 11022 154.4169899 -46.4116175 27
m 11031 154.4168585 -46.4226433 15
m 11035 154.4168518 -46.4216058 15
m 11037 154.4167327 -46.421391  15
m 11038 154.416478  -46.4212234  4
m 11040 154.4167725 -46.4210379 15
m 11041 154.4168473 -46.4206967 15
m 11042 154.4167264 -46.419785  15
m 11044 154.4166819 -46.4199131 13
m 11046 154.4165021 -46.4195262 15
m 11052 154.4164839 -46.4189444  5
m 11055 154.4169605 -46.417126   7
m 11059 154.4165152 -46.416008   9
m 11060 154.416746  -46.4159023 15
m 11062 154.4166802 -46.4155295  5
m 11064 154.4167545 -46.4142878 20
m 11067 154.4168354 -46.4132579 13
m 11068 154.4167052 -46.4131802 27
m 11075 154.4166203 -46.4127753 27
m 11080 154.4167231 -46.4120259 21
m 11083 154.416499  -46.4116963 26
m 11092 154.4164273 -46.4233341  4
m 11095 154.416203  -46.4229966 10
m 11107 154.4162744 -46.4210886 11
m 11108 154.4159701 -46.4207379  9
m 11112 154.4164301 -46.419983  14
m 11114 154.4159679 -46.4200215 12
m 11117 154.4161441 -46.4195125  7
m 11120 154.4162631 -46.4190855 14
m 11124 154.4163568 -46.4177405 15
m 11126 154.4161943 -46.4177393  4
m 11128 154.4160491 -46.4171811 15
m 11131 154.4163601 -46.4162322 15
m 11136 154.4160307 -46.4144418 18
m 11140 154.4160797 -46.4138527 24
m 11141 154.416302  -46.4132484 22
m 11143 154.4161619 -46.4131615  4
m 11144 154.416382  -46.4125608 27
m 11150 154.4161656 -46.4117332 26
m 11151 154.4163899 -46.4113041 13
m 11155 154.4157594 -46.4243943 15
m 11157 154.4158239 -46.4236374 14
m 11174 154.4156438 -46.4192957  6
m 11176 154.4155082 -46.4191354  5
m 11180 154.4157324 -46.4182931 14
m 11184 154.4155803 -46.4175043 10
m 11188 154.4158646 -46.4173218 14
m 11191 154.4158699 -46.4159649 12
m 11192 154.4158123 -46.4161451  3
m 11195 154.4155985 -46.4149774 15
m 11199 154.4159017 -46.4148147 15
m 11202 154.4157929 -46.4139787  7
m 11203 154.4157316 -46.4136428 27
m 11205 154.4158288 -46.413416   9
m 11208 154.4157918 -46.4129925 23
m 11210 154.415922  -46.4122586 27
m 11212 154.4156249 -46.4116692 25
m 11215 154.4149827 -46.4244476  3
m 11216 154.4153913 -46.4242906 14
m 11218 154.4150702 -46.4240083 12
m 11222 154.4151638 -46.4224469 15
m 11226 154.4152727 -46.4221938 13
m 11234 154.4152244 -46.4204095 14
m 11235 154.4152058 -46.420089  13
m 11238 154.4151374 -46.4189798 15
m 11239 154.4153885 -46.418361   8
m 11244 154.4152614 -46.4176008  8
m 11246 154.4153248 -46.4172271 15
m 11252 154.4153698 -46.4154438  9
m 11253 154.4152763 -46.4154187  4
m 11254 154.4151715 -46.4155517 15
m 11257 154.4149842 -46.414719  18
m 11258 154.4153498 -46.4143541 23
m 11263 154.4153644 -46.4139113 22
m 11264 154.4150832 -46.4139623 13
m 11265 154.4150201 -46.4139209  9
m 11269 154.4153003 -46.4131916 12
m 11271 154.4151264 -46.4128353 27
m 11273 154.4152435 -46.4119169 27
m 11276 154.4149714 -46.411362  17
m 11279 154.4148414 -46.4241887  4
m 11280 154.4147323 -46.4238062  3
m 11281 154.4149255 -46.423448  15
m 11282 154.414927  -46.4223879  3
m 11283 154.4148763 -46.4225343  4
m 11284 154.4148716 -46.4220737 15
m 11285 154.4148566 -46.4217729 13
m 11286 154.4147097 -46.4215614 13
m 11288 154.4146286 -46.4213001  5
m 11289 154.4144895 -46.4209943 15
m 11292 154.4148122 -46.4195023 15
m 11294 154.4145162 -46.419278  15
m 11295 154.4145705 -46.4191179 15
m 11298 154.4145091 -46.4183996 14
m 11300 154.4145891 -46.4182382 15
m 11301 154.4149328 -46.4183105 12
m 11305 154.4144692 -46.4174217 15
m 11306 154.4149497 -46.4171843 15
m 11311 154.4146083 -46.4156544 12
m 11312 154.4149199 -46.4155888  3
m 11315 154.4144784 -46.4150236  5
m 11316 154.4147912 -46.4146091 15
m 11317 154.4144723 -46.4135751 27
m 11318 154.4146903 -46.4136373 15
m 11320 154.4145025 -46.4134426 14
m 11323 154.4140851 -46.4247132  8
m 11324 154.4142514 -46.4239875 10
m 11328 154.4144386 -46.4231021 15
m 11330 154.4143747 -46.4232042 15
m 11336 154.4143316 -46.4222814  6
m 11338 154.4140796 -46.4222731  7
m 11342 154.4142752 -46.4204006 15
m 11343 154.4140485 -46.4201118 15
m 11344 154.4139876 -46.419841  15
m 11345 154.4144302 -46.4195749 15
m 11346 154.4143601 -46.4187767 13
m 11348 154.4140881 -46.4187685  6
m 11349 154.4140249 -46.419023   8
m 11354 154.4140817 -46.4176828 14
m 11356 154.4142165 -46.4167586 15
m 11358 154.4141512 -46.416666  15
m 11359 154.4142925 -46.4163699 15
m 11362 154.4141374 -46.4160918 15
m 11364 154.4143204 -46.415677  15
m 11365 154.4139442 -46.4154824 15
m 11366 154.4140819 -46.4149816 15
m 11367 154.4143727 -46.4143783 17
m 11369 154.4142854 -46.413939  26
m 11373 154.4141921 -46.4128997  3
m 11381 154.4139901 -46.41204   19
m 11382 154.4142062 -46.4116093  5
m 11383 154.4139556 -46.411562  23
m 11384 154.4144079 -46.4113097 27
m 11385 154.4140333 -46.4113239 26
m 11389 154.4134752 -46.423663  15
m 11394 154.4137422 -46.4230006  7
m 11398 154.4136539 -46.4224165  7
m 11403 154.4134963 -46.4210619  9
m 11404 154.4138896 -46.4204469 15
m 11405 154.4135736 -46.4199715 14
m 11408 154.4136894 -46.419763   5
m 11411 154.4137591 -46.4193158 10
m 11412 154.4139248 -46.4189248 13
m 11419 154.4138745 -46.4171081 11
m 11420 154.4137601 -46.4164152  6
m 11423 154.4138504 -46.4155942 15
m 11425 154.4136869 -46.4151556 15
m 11426 154.4136711 -46.414809  17
m 11430 154.4135086 -46.4128994 26
m 11436 154.4137275 -46.4115541  9
m 11437 154.4134584 -46.4115966 21
m 11441 154.4131283 -46.4248839 13
m 11448 154.4133967 -46.423034   7
m 11450 154.4133081 -46.4231043  3
m 11455 154.4130611 -46.4221092 15
m 11456 154.4132421 -46.4217784 15
m 11458 154.413231  -46.4214383 15
m 11460 154.4134214 -46.4206768  9
m 11464 154.4129642 -46.4199722  6
m 11465 154.4130693 -46.4196203 15
m 11467 154.4134078 -46.419023  15
m 11469 154.4133843 -46.4183834  8
m 11476 154.412982  -46.4172404  6
m 11479 154.4130497 -46.4162846  5
m 11482 154.4133647 -46.4154464 12
m 11485 154.4130283 -46.4146912 18
m 11487 154.4133514 -46.414514  20
m 11488 154.4131005 -46.4143648 23
m 11489 154.4130126 -46.4138878  5
m 11490 154.4134278 -46.4138005  3
m 11492 154.4133945 -46.4136669 27
m 11493 154.4132361 -46.4134118 17
m 11496 154.4129362 -46.4125967 27
m 11499 154.4133989 -46.4122884 12
m 11501 154.4131271 -46.4121439 22
m 11508 154.4124405 -46.4244721 15
m 11521 154.4127912 -46.4206224  9
m 11522 154.412688  -46.4202331 15
m 11523 154.4124875 -46.4201245 15
m 11527 154.4125373 -46.418942  15
m 11539 154.4127834 -46.4173338  9
m 11541 154.4124824 -46.4161632 15
m 11544 154.4125486 -46.4159541 11
m 11549 154.4127058 -46.415207  15
m 11554 154.4127012 -46.4140579 18
m 11557 154.4128194 -46.4123546  7
m 11559 154.4128356 -46.4118653 27
m 11562 154.4128484 -46.4111929  5
m 11569 154.4123559 -46.4232016  8
m 11570 154.4123572 -46.4229842 11
m 11571 154.4120576 -46.4227442 15
m 11575 154.4119291 -46.4218697  8
m 11576 154.4121251 -46.421809  15
m 11579 154.4123443 -46.4206216 15
m 11580 154.4123611 -46.4197978  3
m 11583 154.412265  -46.419561  15
m 11585 154.4123493 -46.4190862 12
m 11586 154.411993  -46.4194088  9
m 11588 154.4120594 -46.418902  10
m 11589 154.4119838 -46.4188544  4
m 11590 154.4123687 -46.4181487 15
m 11591 154.4121737 -46.4181016  4
m 11599 154.4123825 -46.4172699  6
m 11600 154.4122902 -46.4172902 10
m 11602 154.4121931 -46.4164717 15
m 11607 154.4122325 -46.4154691 15
m 11618 154.4122153 -46.4130367 25
m 11622 154.4123363 -46.4123274 20
m 11623 154.4121808 -46.4123491  6
m 11640 154.4116024 -46.4227019 15
m 11642 154.4117652 -46.4225163 13
m 11644 154.4116545 -46.421932  15
m 11650 154.4118807 -46.4204856 13
m 11651 154.4116172 -46.4205566 16
m 11653 154.4115549 -46.4204132  3
m 11656 154.4118958 -46.4200831  8
m 11659 154.4118737 -46.4196866  9
m 11661 154.4119027 -46.4191843 15
m 11662 154.4116076 -46.4193709 15
m 11666 154.4114769 -46.4187759 15
m 11667 154.4115039 -46.4186362  4
m 11668 154.4119257 -46.4181434 14
m 11672 154.4116006 -46.41721    7
m 11678 154.4116236 -46.416099  14
m 11681 154.4116489 -46.4156354 11
m 11683 154.4115027 -46.4150728 14
m 11684 154.4117734 -46.4146009 10
m 11686 154.4116892 -46.4145265  3
m 11688 154.4114377 -46.4142801 14
m 11690 154.4117804 -46.41391   13
m 11692 154.4118244 -46.4133097 18
m 11693 154.4114475 -46.4135226 15
m 11698 154.411555  -46.4117365 26
m 11708 154.4109831 -46.4228383 14
m 11709 154.4110926 -46.4224121  9
m 11713 154.4114059 -46.4209794 19
m 11714 154.4109292 -46.4206072 18
m 11717 154.4110235 -46.4198107 14
m 11720 154.4109816 -46.4196624  5
m 11725 154.411109  -46.4188996 13
m 11727 154.411198  -46.4185929 15
m 11730 154.4110317 -46.4174974 15
m 11731 154.4113979 -46.417208  15
m 11732 154.4112701 -46.4169062 15
m 11739 154.4113949 -46.4158472 15
m 11740 154.4112345 -46.4159425 15
m 11747 154.4110201 -46.4143957 20
m 11748 154.4110078 -46.4140871 24
m 11750 154.4112065 -46.4133508 27
m 11752 154.4110836 -46.4129246 25
m 11755 154.4110174 -46.4120593 10
m 11756 154.4109628 -46.4119796 24
m 11758 154.4109462 -46.4115482 14
m 11760 154.4107462 -46.4247466 12
m 11766 154.4107524 -46.4245696  3
m 11771 154.4108509 -46.4227642 15
m 11774 154.410746  -46.4220316 15
m 11775 154.4104527 -46.4220163  8
m 11779 154.4106185 -46.4206367 19
m 11782 154.4104201 -46.4198563 13
m 11784 154.4106906 -46.4187192  4
m 11785 154.4105566 -46.4186898 15
m 11788 154.4108419 -46.4176674 11
m 11794 154.4104649 -46.4172555 15
m 11796 154.4108375 -46.4164552 10
m 11797 154.4105893 -46.4163425 15
m 11801 154.4106558 -46.4162341  7
m 11802 154.4109015 -46.4157396 15
m 11803 154.4109184 -46.4154064 15
m 11806 154.4108193 -46.4142041 24
m 11807 154.4105876 -46.4139603  4
m 11810 154.4108954 -46.4124378 27
m 11811 154.4106548 -46.4122584 27
m 11812 154.4104217 -46.412187  19
m 11818 154.4108048 -46.4112799  4
m 11820 154.4104291 -46.4112463 27
m 11821 154.4099203 -46.4248024 15
m 11828 154.4102079 -46.4238433 15
m 11829 154.409947  -46.4238126 15
m 11830 154.4103076 -46.423202   4
m 11831 154.4101404 -46.4225827 15
m 11832 154.4101354 -46.4221915 15
m 11834 154.4100388 -46.4204929 18
m 11835 154.409999  -46.4206029 19
m 11843 154.4103479 -46.4192656 17
m 11844 154.4103276 -46.4194205 12
m 11848 154.4101802 -46.4182008 14
m 11850 154.410363  -46.417761  15
m 11853 154.4100056 -46.4176835 12
m 11857 154.4102929 -46.4156127 15
m 11862 154.4101783 -46.4146169 10
m 11870 154.4100208 -46.4132673 26
m 11872 154.4101225 -46.4131126 24
m 11874 154.4100362 -46.4128079 22
m 11876 154.410205  -46.4124716 26
m 11877 154.4103427 -46.4117988 25
m 11878 154.4100057 -46.4118512  6
m 11879 154.4103155 -46.4117037  8
m 11882 154.4099299 -46.4115677  5
m 11887 154.4096276 -46.4239047  3
m 11888 154.4094918 -46.4233275 15
m 11889 154.4098147 -46.4233149 12
m 11892 154.4095605 -46.4216815 15
m 11893 154.4097019 -46.421442  11
m 11899 154.4095299 -46.4191111  3
m 11902 154.4097866 -46.4190513 12
m 11906 154.4096577 -46.417808   9
m 11908 154.4094988 -46.4177687 13
m 11909 154.4094704 -46.4178852  4
m 11914 154.4097062 -46.4171431  4
m 11915 154.4094612 -46.4172446 15
m 11918 154.4098085 -46.4165537 15
m 11920 154.4096812 -46.41573   14
m 11924 154.4094336 -46.4153314 15
m 11927 154.4094909 -46.4145965 19
m 11932 154.4098573 -46.413744  21
m 11937 154.4098752 -46.4134862 27
m 11938 154.4097861 -46.4131965 27
m 11942 154.4094536 -46.4125094 24
m 11945 154.4094838 -46.4119426 27
m 11946 154.4098399 -46.4115479  4
m 11947 154.4096183 -46.4116894  8
m 11950 154.4093832 -46.4240046 14
m 11953 154.4092532 -46.4232972  9
m 11956 154.4092979 -46.4227053 15
m 11957 154.4090403 -46.4224839 15
m 11958 154.4094003 -46.4220602 15
m 11961 154.4092665 -46.4213553 19
m 11964 154.4093796 -46.4208002 19
m 11965 154.4092956 -46.4205732 19
m 11968 154.4092333 -46.420304  19
m 11979 154.4093005 -46.4172543  3
m 11982 154.4089144 -46.4171615  4
m 11986 154.409303  -46.416624   9
m 11987 154.4092281 -46.416494  14
m 11990 154.4091843 -46.4161019 15
m 11992 154.4092006 -46.4155936 15
m 11996 154.4089938 -46.4150787 15
m 12005 154.4091746 -46.4139978 21
m 12006 154.4089216 -46.4141978 22
m 12010 154.4091733 -46.41351   27
m 12011 154.4090825 -46.4133018 26
m 12012 154.4093977 -46.4130514 26
m 12013 154.4091185 -46.4128193 16
m 12016 154.4093407 -46.4118604 22
m 12021 154.4092764 -46.4113334 25
m 12023 154.4091171 -46.4113957 19
m 12025 154.408502  -46.4249782 15
m 12029 154.4088791 -46.4238399  4
m 12032 154.4084773 -46.4232734  6
m 12033 154.4086688 -46.4226717 12
m 12044 154.4084975 -46.4196182 14
m 12049 154.4088902 -46.4187994 19
m 12054 154.4086579 -46.4182645 17
m 12056 154.4086961 -46.4176546 19
m 12057 154.4086952 -46.4168304 15
m 12059 154.4086323 -46.4162439 15
m 12060 154.40871   -46.4158582  7
m 12065 154.4086809 -46.4142532 15
m 12068 154.4085094 -46.4135583 27
m 12070 154.408813  -46.4125588 25
m 12075 154.4087216 -46.4123697  9
m 12076 154.4086541 -46.4121808 11
m 12077 154.4085295 -46.412025  21
m 12079 154.4087394 -46.4112285 27
m 12081 154.4082523 -46.4246136 15
m 12082 154.4083083 -46.4240227 15
m 12083 154.4083393 -46.4219252 19
m 12084 154.4079986 -46.4218803 19
m 12088 154.4081807 -46.4211284 18
m 12093 154.4083418 -46.4201046 14
m 12096 154.4082851 -46.4194734 13
m 12102 154.4080955 -46.4188881 17
m 12103 154.4079951 -46.4190411 16
m 12104 154.4083968 -46.4181927 19
m 12105 154.4080861 -46.418301  18
m 12107 154.408298  -46.4170584 17
m 12111 154.4082653 -46.4163375 15
m 12112 154.4080126 -46.4166068 11
m 12115 154.4081265 -46.4150817 15
m 12116 154.4082111 -46.4146267 18
m 12117 154.4079768 -46.414872   3
m 12120 154.4081768 -46.4136786 16
m 12124 154.4083799 -46.4126467  6
m 12125 154.4080908 -46.4122727 21
m 12129 154.4080879 -46.4115473 26
m 12139 154.4076331 -46.4239841  6
m 12141 154.4075471 -46.4239653  4
m 12144 154.4078252 -46.4230124  7
m 12146 154.4077402 -46.4226     3
m 12147 154.4076967 -46.4226694 12
m 12150 154.4074554 -46.4214148  5
m 12155 154.4078765 -46.4199125 19
m 12156 154.4074706 -46.4198914  3
m 12163 154.4076383 -46.418868  12
m 12165 154.4075438 -46.418418  19
m 12167 154.4076171 -46.4178694  5
m 12169 154.4073975 -46.4178821 16
m 12170 154.4078155 -46.4174921 17
m 12172 154.4078046 -46.4168806 17
m 12173 154.4078519 -46.4166175 17
m 12176 154.4075088 -46.4163309 10
m 12180 154.4074059 -46.4150151  3
m 12182 154.4075453 -46.4146726  8
m 12186 154.4076681 -46.4132052 24
m 12188 154.4076521 -46.4127631 17
m 12199 154.406912  -46.4244783 15
m 12200 154.407378  -46.4236953 14
m 12201 154.4071636 -46.4238656 15
m 12202 154.4069633 -46.4237811  3
m 12207 154.4071359 -46.4224638 19
m 12208 154.4073102 -46.422126  19
m 12213 154.4073381 -46.4209534  5
m 12214 154.4072438 -46.4211144  3
m 12216 154.4073265 -46.4201312 19
m 12218 154.4071237 -46.4200373  8
m 12219 154.4071144 -46.4197949 19
m 12220 154.4072205 -46.419651  19
m 12223 154.4071495 -46.4186687 17
m 12224 154.4072817 -46.4183502 19
m 12225 154.4069051 -46.4180637 18
m 12226 154.4069498 -46.417699  18
m 12227 154.4071353 -46.4172009 14
m 12229 154.4073607 -46.4168324 16
m 12232 154.4070787 -46.4166051 19
m 12238 154.4073242 -46.4159342 17
m 12242 154.4073564 -46.4152642  5
m 12244 154.4070615 -46.4154188 11
m 12247 154.4069466 -46.4151187 15
m 12253 154.4069316 -46.4138466 30
m 12254 154.4072545 -46.4132281 25
m 12255 154.4070196 -46.4132798 26
m 12256 154.407135  -46.4129119 26
m 12257 154.4070691 -46.4128379 18
m 12259 154.4069494 -46.4124615 27
m 12267 154.4066465 -46.4249163 25
m 12270 154.4068147 -46.4242386 19
m 12273 154.4064223 -46.4234394 25
m 12274 154.4064022 -46.423569  28
m 12275 154.4065188 -46.4230972 26
m 12280 154.4063983 -46.422508  29
m 12282 154.4067516 -46.4212145 22
m 12283 154.4066251 -46.4212436 22
m 12287 154.4064074 -46.4198065 30
m 12293 154.4068085 -46.418693   5
m 12294 154.4066733 -46.4184922 18
m 12297 154.4065542 -46.418159  28
m 12299 154.4068896 -46.4175815 13
m 12301 154.4066254 -46.4162906 24
m 12302 154.4065413 -46.4159827  3
m 12305 154.406647  -46.4150333 22
m 12306 154.4067018 -46.4145738 11
m 12308 154.406734  -46.4144774 27
m 12309 154.4065436 -46.4142102 42
m 12319 154.4066509 -46.4122172 41
m 12320 154.4066767 -46.4124269  7
m 12321 154.4068844 -46.4120413 12
m 12322 154.4064593 -46.4115948 51
m 12323 154.4066188 -46.4111205  7
m 12324 154.4061591 -46.4248466 28
m 12329 154.4058938 -46.4233561 17
m 12331 154.4062504 -46.4231201 16
m 12335 154.4059057 -46.4226693 23
m 12341 154.4061992 -46.421597  35
m 12344 154.4059018 -46.4216615 30
m 12346 154.4062745 -46.421164  31
m 12349 154.4061779 -46.4203315 32
m 12352 154.4061904 -46.4190962  6
m 12356 154.4059748 -46.4184908 28
m 12358 154.4062115 -46.4181925 24
m 12363 154.4061548 -46.4172402 35
m 12364 154.4059905 -46.4153673 34
m 12370 154.4061168 -46.4148555 34
m 12371 154.4063061 -46.4144293  4
m 12374 154.4063649 -46.4137282 37
m 12375 154.4061312 -46.4137891 42
m 12376 154.4061491 -46.4126855  9
m 12377 154.4061267 -46.4123543 29
m 12378 154.4060697 -46.4122447 18
m 12379 154.406271  -46.4119484 20
m 12380 154.4060679 -46.4117107 16
m 12381 154.4061923 -46.411209  42
m 12386 154.4054595 -46.4246773 27
m 12387 154.4055465 -46.4243308 31
m 12389 154.4054445 -46.4239554 31
m 12396 154.4055501 -46.4225714 35
m 12404 154.4054923 -46.4199975  3
m 12408 154.4055739 -46.4187415 33
m 12415 154.4056948 -46.4167218 14
m 12417 154.4054172 -46.4169403 26
m 12419 154.4056708 -46.4156916 35
m 12420 154.4055866 -46.4152693 29
m 12421 154.405535  -46.4154691 26
m 12425 154.4058642 -46.4146407 41
m 12426 154.4055894 -46.4148558 35
m 12428 154.4057201 -46.4145555  7
m 12437 154.4056832 -46.4125103 22
m 12438 154.4055986 -46.4128312 36
m 12441 154.405664  -46.4123372 11
m 12443 154.4056906 -46.4114559  4
m 12444 154.4054708 -46.4111901 11
m 12448 154.4048945 -46.4245918 25
m 12458 154.4053294 -46.4217725 34
m 12463 154.4049714 -46.4213997 33
m 12466 154.405205  -46.420348  14
m 12468 154.4049233 -46.419778  35
m 12477 154.4049348 -46.418261  23
m 12480 154.4049666 -46.4175372  3
m 12483 154.4052285 -46.4171518 24
m 12484 154.405228  -46.4163417  4
m 12489 154.4053108 -46.4151165 29
m 12491 154.4051921 -46.4151889  6
m 12497 154.4053281 -46.4141816 58
m 12498 154.4052572 -46.41388   38
m 12499 154.4048807 -46.4141804 56
m 12504 154.4048829 -46.4138267 27
m 12510 154.4051969 -46.4133825 53
m 12513 154.4051256 -46.4131593 19
m 12517 154.4051789 -46.4120033 57
m 12518 154.4052486 -46.4116247  6
m 12525 154.4046156 -46.4235557 33
m 12526 154.4045211 -46.423399  33
m 12530 154.4044894 -46.4225953 30
m 12532 154.4044157 -46.4222399 35
m 12539 154.404706  -46.4203968 22
m 12543 154.404597  -46.4194029 35
m 12546 154.4044456 -46.4184269 33
m 12547 154.4045075 -46.4182803 21
m 12549 154.4047514 -46.4173514  5
m 12550 154.4043765 -46.4173557 35
m 12557 154.4046466 -46.4164346 21
m 12559 154.4047683 -46.4158304 31
m 12560 154.4045449 -46.4153657 35
m 12565 154.404755  -46.4148969 35
m 12567 154.4044979 -46.414806  36
m 12572 154.4047294 -46.4140117  7
m 12574 154.404403  -46.4140557 35
m 12579 154.4048371 -46.4116515 10
m 12581 154.4044692 -46.4113736 14
m 12582 154.4042195 -46.4247746 21
m 12583 154.4041663 -46.4244165  5
m 12584 154.4039549 -46.4245481 29
m 12592 154.404269  -46.4225032 30
m 12597 154.404303  -46.4214353 34
m 12598 154.4042899 -46.4205231 18
m 12604 154.4042389 -46.4194657 31
m 12608 154.4042667 -46.4184572 23
m 12612 154.4039714 -46.4181717 35
m 12615 154.4040405 -46.4176886 23
m 12616 154.4041797 -46.4171664 36
m 12617 154.4043648 -46.4163692 34
m 12621 154.4040338 -46.4161828  8
m 12624 154.4043499 -46.4155494 25
m 12625 154.4043223 -46.4151746 10
m 12627 154.4039123 -46.414469  32
m 12632 154.4038736 -46.4137763 37
m 12638 154.404326  -46.412824  10
m 12639 154.4040976 -46.4125667 12
m 12640 154.4043055 -46.4124326  8
m 12643 154.4042565 -46.4120242  4
m 12645 154.4041028 -46.4121385 20
m 12646 154.4040299 -46.4117168 61
m 12647 154.4038808 -46.4114699  4
m 12649 154.4041376 -46.4112176 33
m 12657 154.4036059 -46.4224257 36
m 12658 154.4035953 -46.4220713 36
m 12661 154.4035066 -46.4213236 27
m 12666 154.4035225 -46.4200806 35
m 12668 154.4035997 -46.4190667  3
m 12669 154.4034292 -46.4182469 35
m 12672 154.4036021 -46.4175717 16
m 12674 154.4036849 -46.4172796 36
m 12682 154.403537  -46.4159093  6
m 12683 154.4036514 -46.415411  20
m 12684 154.4035279 -46.4153824 35
m 12686 154.4034916 -46.415085  33
m 12698 154.4034922 -46.4132994 50
m 12699 154.4036463 -46.4129431 63
m 12700 154.4034832 -46.4130417 61
m 12706 154.4033599 -46.4229497 35
m 12707 154.4030037 -46.4230642  4
m 12709 154.4029003 -46.4222769 36
m 12715 154.4032705 -46.4205724  4
m 12721 154.4032221 -46.4191339 33
m 12725 154.4029467 -46.4179049 11
m 12726 154.4028913 -46.4177696 32
m 12728 154.4028945 -46.4170444 24
m 12731 154.4031687 -46.4164738 33
m 12737 154.4029314 -46.4156333  5
m 12738 154.4029965 -46.4153199 36
m 12739 154.4033009 -46.4150561 34
m 12744 154.4029467 -46.4141018 62
m 12745 154.4028651 -46.4139683 13
m 12746 154.4032964 -46.4136807 62
m 12748 154.403204  -46.4133019 63
m 12750 154.4029217 -46.4130757 16
m 12751 154.403286  -46.4126039 61
m 12755 154.4030833 -46.4124611 50
m 12759 154.4030765 -46.4117653 36
m 12762 154.4028014 -46.4248389 12
m 12771 154.4025193 -46.4223996 33
m 12772 154.4025643 -46.4218018 35
m 12773 154.4024184 -46.4211936 36
m 12778 154.4027924 -46.4204681 35
m 12788 154.4024461 -46.4176478  7
m 12793 154.4028192 -46.4162975 26
m 12794 154.4026939 -46.4162483 28
m 12798 154.4024842 -46.4157276 35
m 12802 154.4024582 -46.415275  36
m 12804 154.4028277 -46.4144528 24
m 12810 154.4027779 -46.4135782 46
m 12811 154.4024632 -46.4133665 48
m 12813 154.4027799 -46.4131481 63
m 12817 154.402819  -46.4119569 63
m 12818 154.4024808 -46.4118249 48
m 12820 154.402599  -46.411361  61
m 12821 154.4026013 -46.4111958 42
m 12825 154.4022649 -46.4233364 33
m 12828 154.4019241 -46.4234435 36
m 12829 154.4019177 -46.4229199 20
m 12830 154.4019052 -46.4227818 36
m 12833 154.4023231 -46.42207   36
m 12835 154.4022794 -46.4217647 34
m 12836 154.4021535 -46.4213428 28
m 12838 154.4021893 -46.4211087 28
m 12839 154.4019512 -46.4206717 35
m 12840 154.4022345 -46.4202472 36
m 12842 154.4022899 -46.4196951  9
m 12844 154.4022067 -46.4193806 35
m 12845 154.402134  -46.4193126  5
m 12847 154.4020723 -46.4187936 35
m 12851 154.4019519 -46.4183083 16
m 12852 154.4023351 -46.4174117 24
m 12853 154.4022065 -46.4171875 34
m 12854 154.4023109 -46.4171244 28
m 12859 154.4023063 -46.4164293 34
m 12861 154.4021973 -46.4162997 32
m 12864 154.4019995 -46.4153106 27
m 12865 154.4023063 -46.4142229 58
m 12868 154.4019449 -46.4135907 35
m 12869 154.4022064 -46.4134469 61
m 12871 154.402345  -46.4130975 37
m 12872 154.4020662 -46.4129554 61
m 12873 154.4019403 -46.4128917 47
m 12874 154.4023202 -46.4121669 62
m 12875 154.4020561 -46.4124453 62
m 12877 154.4019451 -46.4119832 62
m 12881 154.4018342 -46.4249082 34
m 12888 154.4015665 -46.4231562 29
m 12892 154.401846  -46.4217732 35
m 12897 154.4017515 -46.4211208 29
m 12901 154.4015102 -46.4205694 34
m 12904 154.4018549 -46.4198264 35
m 12905 154.4017679 -46.4194835 26
m 12907 154.4014153 -46.4191462 28
m 12908 154.4013591 -46.4193642 33
m 12909 154.4013777 -46.4190001 35
m 12913 154.401641  -46.4186986 35
m 12915 154.4015719 -46.418333  35
m 12917 154.4017587 -46.4160542 21
m 12922 154.4018049 -46.4155667  5
m 12925 154.4016685 -46.4149629  3
m 12926 154.4015234 -46.4150554 35
m 12927 154.4017952 -46.4147246 41
m 12928 154.4015329 -46.4145433 36
m 12931 154.4017046 -46.4135761 17
m 12932 154.401685  -46.4137049 62
m 12941 154.4015979 -46.4117261 24
m 12945 154.4018374 -46.4111561 61
m 12958 154.4009022 -46.4235518 35
m 12962 154.4013253 -46.4227655 35
m 12964 154.400897  -46.4223115 18
m 12965 154.4012422 -46.4215515  4
m 12967 154.4013496 -46.4214617 35
m 12968 154.4011404 -46.4212112 28
m 12970 154.4013107 -46.4211107  4
m 12975 154.4013363 -46.4204618 35
m 12976 154.4012795 -46.4199237 35
m 12977 154.401106  -46.4200668 33
m 12978 154.4009642 -46.4200097 13
m 12984 154.4008806 -46.4190935 22
m 12989 154.4009903 -46.4182572 34
m 12992 154.4011371 -46.4176714 23
m 12994 154.4013199 -46.4172728 32
m 12995 154.401257  -46.4166651 34
m 12998 154.4008989 -46.4163103 34
m 12999 154.4013213 -46.4156464 32
m 13001 154.4012065 -46.4150851 35
m 13002 154.4010112 -46.4143661 53
m 13004 154.4010416 -46.4139733 28
m 13006 154.4012197 -46.4135373 23
m 13010 154.4012324 -46.4128187 46
m 13013 154.4009701 -46.4128101 60
m 13014 154.4008692 -46.4122148 40
m 13017 154.4011472 -46.4114536  6
m 13018 154.4009442 -46.4115257 60
m 13019 154.4005137 -46.4242987 35
m 13020 154.4008401 -46.4237241  6
m 13025 154.4004112 -46.4226926 13
m 13030 154.400404  -46.4220708 17
m 13034 154.4006768 -46.4210491  7
m 13040 154.4006086 -46.4200661 31
m 13050 154.4007509 -46.4176121 34
m 13052 154.4004123 -46.4175275 31
m 13054 154.4006798 -46.4171612 29
m 13060 154.4006825 -46.4163703  5
m 13061 154.4006343 -46.4164812 33
m 13062 154.4005856 -46.4162384  4
m 13064 154.400422  -46.4157077 34
m 13065 154.4003592 -46.4158348 18
m 13067 154.4005067 -46.4154173 35
m 13069 154.4006896 -46.41497   35
m 13071 154.4004495 -46.415058  15
m 13078 154.4004501 -46.4140944  9
m 13080 154.4008291 -46.4125089 25
m 13083 154.4004419 -46.4124375 51
m 13084 154.4007842 -46.4118503 43
m 13091 154.3999819 -46.4247422 12
m 13098 154.4000916 -46.423404   3
m 13102 154.4001495 -46.422394  20
m 13104 154.3998683 -46.4217593 14
m 13105 154.400341  -46.4210448  7
m 13108 154.4000545 -46.4201389 17
m 13110 154.4000143 -46.4198733  6
m 13112 154.399894  -46.4197595 24
m 13114 154.4001646 -46.4196172  5
m 13116 154.4000782 -46.4192714 10
m 13117 154.4000703 -46.4190575 21
m 13121 154.3999948 -46.4181125  6
m 13122 154.4000883 -46.4179894 26
m 13125 154.4000821 -46.4173202 28
m 13129 154.399951  -46.4167319 24
m 13135 154.4003028 -46.4150922 28
m 13139 154.4001729 -46.4144995 32
m 13143 154.4002082 -46.4142045 57
m 13147 154.4002388 -46.4132464 21
m 13148 154.3999949 -46.4133248  3
m 13153 154.4001366 -46.4124623 53
m 13154 154.3999641 -46.4122515 44
m 13155 154.400308  -46.4119894 38
m 13157 154.4001259 -46.4116141 54
m 13160 154.3999469 -46.4111934 28
m 13164 154.3995822 -46.4248174 21
m 13167 154.3996302 -46.4241594 13
m 13168 154.3996102 -46.4240737  4
m 13171 154.3995321 -46.4230215 13
m 13172 154.3994439 -46.4232049  5
m 13174 154.3994624 -46.4225043 21
m 13180 154.3994416 -46.4213333 12
m 13190 154.3995332 -46.4187862 17
m 13196 154.3996642 -46.4181291  9
m 13199 154.3993767 -46.4181238 20
m 13210 154.3997302 -46.4169491 19
m 13215 154.3998271 -46.4154669 23
m 13220 154.3996783 -46.4149197 22
m 13221 154.399612  -46.4152447 19
m 13222 154.3996084 -46.4147188 23
m 13224 154.3994723 -46.4143579 31
m 13226 154.3993937 -46.4139873 30
m 13231 154.399645  -46.4135027 38
m 13232 154.3996256 -46.4133252 36
m 13236 154.3995783 -46.4126012 12
m 13240 154.3997615 -46.4113198  4
m 13243 154.3992668 -46.4247788 16
m 13246 154.3991693 -46.424563   9
m 13247 154.3992262 -46.4241037 21
m 13249 154.3990628 -46.4241049 20
m 13251 154.3993109 -46.4231222 17
m 13254 154.3991137 -46.4223617  9
m 13255 154.3990133 -46.4225455  7
m 13256 154.3989267 -46.4224548 14
m 13259 154.3991476 -46.4220966 19
m 13268 154.3992485 -46.419657  20
m 13271 154.3989695 -46.4192276 20
m 13275 154.3988778 -46.4187884 18
m 13276 154.3992125 -46.4181983  5
m 13279 154.3991483 -46.4177163 21
m 13281 154.3992251 -46.4166658 20
m 13284 154.3992819 -46.4165266 10
m 13289 154.3990667 -46.4154049 15
m 13292 154.3989696 -46.4147916 22
m 13293 154.3988377 -46.4146477 21
m 13294 154.3989287 -46.4143033 34
m 13297 154.3991482 -46.4136829 34
m 13298 154.3993263 -46.4134656 19
m 13300 154.3991321 -46.4130006 34
m 13301 154.3989512 -46.412912  34
m 13302 154.3991394 -46.412591  26
m 13303 154.3992335 -46.4118709 37
m 13304 154.3990871 -46.4116741 33
m 13305 154.3990262 -46.4116053 34
m 13311 154.3985175 -46.4242048 21
m 13312 154.3987999 -46.4232926 14
m 13317 154.3985639 -46.4214932 14
m 13321 154.3983859 -46.4206487  8
m 13322 154.3988003 -46.4203744 20
m 13325 154.3984819 -46.4195267 19
m 13330 154.3983368 -46.4193096  7
m 13333 154.3987491 -46.4185216 19
m 13336 154.3986616 -46.4174727 19
m 13341 154.3983947 -46.4164857 16
m 13344 154.3983333 -46.4155759  6
m 13346 154.3986537 -46.4146238 13
m 13347 154.3987045 -46.4145417 19
m 13348 154.3985528 -46.4145163  5
m 13350 154.398386  -46.4143018 24
m 13355 154.3986671 -46.413736  33
m 13357 154.3987227 -46.4134485 37
m 13361 154.3987405 -46.4122373 37
m 13362 154.3983824 -46.4124459 22
m 13363 154.3988306 -46.4118588 14
m 13368 154.3980048 -46.4239707 17
m 13370 154.3980877 -46.4232667 19
m 13375 154.3979558 -46.4222799 19
m 13378 154.3979665 -46.4216303 17
m 13379 154.3978311 -46.4218229  4
m 13386 154.3979237 -46.4209725  4
m 13389 154.3982108 -46.4202181 13
m 13391 154.397901  -46.4202885 20
m 13392 154.3980263 -46.4200618 18
m 13394 154.3983156 -46.4197227 18
m 13396 154.3979557 -46.4192038 15
m 13397 154.3982293 -46.4188653 15
m 13398 154.398241  -46.4187356 20
m 13399 154.3981661 -46.4184325 19
m 13400 154.3980476 -46.4183291 12
m 13406 154.3981343 -46.4178996  7
m 13407 154.3979828 -46.4178371 17
m 13409 154.3979818 -46.4175792 13
m 13410 154.3978666 -46.4174789 11
m 13412 154.3979802 -46.4170214 13
m 13416 154.3981539 -46.4166742  3
m 13417 154.3980603 -46.4166752 14
m 13419 154.3981255 -46.4165024 20
m 13424 154.3979961 -46.4157963  4
m 13425 154.3979081 -46.4156739 10
m 13427 154.3983132 -46.4154563 19
m 13431 154.3983288 -46.4147068 23
m 13433 154.3979315 -46.4146977 24
m 13435 154.3980736 -46.4144931  9
m 13436 154.3980015 -46.4142841 17
m 13438 154.3982926 -46.4140314 35
m 13441 154.3982896 -46.4137937 34
m 13449 154.3980196 -46.4124339 18
m 13454 154.3973946 -46.4246825  7
m 13455 154.3975506 -46.4243243 19
m 13458 154.3975114 -46.4232897 18
m 13460 154.3977754 -46.4229624 20
m 13465 154.3975557 -46.4219449 20
m 13466 154.3973407 -46.4218856 10
m 13470 154.3977299 -46.4207308  5
m 13471 154.3976813 -46.4208058 15
m 13472 154.3976638 -46.4205656 18
m 13473 154.3974809 -46.420606  10
m 13481 154.3977924 -46.4194589 20
m 13482 154.3977411 -46.41955   12
m 13483 154.3973347 -46.4194742 10
m 13485 154.3975904 -46.4191651 17
m 13487 154.3974025 -46.4181317 10
m 13491 154.3974417 -46.4174675 14
m 13499 154.3977662 -46.41622   20
m 13501 154.3973498 -46.4157421 20
m 13502 154.3977447 -46.4156075 10
m 13507 154.397645  -46.4149717 15
m 13508 154.3976563 -46.414691   7
m 13509 154.3974414 -46.4148704 18
m 13510 154.3973852 -46.4140874 35
m 13517 154.3974428 -46.4121432 21
m 13520 154.3975517 -46.4117843 25
m 13521 154.397516  -46.4115817 35
m 13522 154.3974135 -46.411234  33
m 13524 154.3970126 -46.4240793 19
m 13525 154.3970983 -46.4236429 18
m 13527 154.3972079 -46.423428  18
m 13528 154.3969372 -46.4233172 18
m 13529 154.3971851 -46.4221675 20
m 13533 154.3970488 -46.4217478 15
m 13537 154.3968669 -46.4210644 19
m 13543 154.397295  -46.4196139 18
m 13546 154.3968622 -46.419639  11
m 13549 154.3970348 -46.4189065 18
m 13550 154.3969822 -46.4188189 19
m 13553 154.3971894 -46.4182014 18
m 13556 154.3970922 -46.4171307 20
m 13557 154.3973077 -46.4171971 12
m 13558 154.3971593 -46.4164437 20
m 13570 154.3972115 -46.4131524 30
m 13571 154.3970385 -46.4130275 30
m 13574 154.3971148 -46.4127951 33
m 13577 154.3969981 -46.4118276 13
m 13580 154.3970086 -46.4113241 31
m 13585 154.3963912 -46.4245701 20
m 13587 154.3963697 -46.4242217 20
m 13588 154.3965295 -46.4237527 15
m 13590 154.3965656 -46.4235848 12
m 13595 154.3965802 -46.4228709 18
m 13597 154.3963629 -46.4222501 20
m 13605 154.3965348 -46.4201363  5
m 13608 154.3963606 -46.4196895 15
m 13609 154.3965111 -46.4192659 20
m 13613 154.3965007 -46.4186033 19
m 13618 154.3967621 -46.4176262 17
m 13621 154.3968011 -46.417029  15
m 13622 154.3966739 -46.4172951 13
m 13627 154.3965819 -46.416664  15
m 13630 154.3964465 -46.4168547  4
m 13633 154.3966798 -46.4152476 19
m 13637 154.3963557 -46.4146306 14
m 13641 154.3965434 -46.4140434  9
m 13643 154.3966315 -46.4135622 22
m 13644 154.396438  -46.4138469 17
m 13645 154.396791  -46.4133714 35
m 13646 154.3964701 -46.4135081 28
m 13647 154.3963186 -46.4134608 34
m 13653 154.3965607 -46.4124319 24
m 13655 154.396353  -46.4124317  9
m 13656 154.396736  -46.4120618 35
m 13658 154.3963588 -46.4114822 34
m 13659 154.3965792 -46.4112033 31
m 13660 154.3960395 -46.4248644 18
m 13664 154.3961773 -46.423898  20
m 13666 154.3962578 -46.4230158 20
m 13667 154.3962439 -46.4231899 17
m 13669 154.3962276 -46.4226435 20
m 13671 154.3959588 -46.4226431 11
m 13673 154.3960685 -46.4222713 20
m 13682 154.3960562 -46.420989  20
m 13684 154.3960542 -46.4207248 18
m 13689 154.3959943 -46.4199023 17
m 13695 154.3960237 -46.419301  19
m 13698 154.3960444 -46.4186187 20
m 13699 154.3962548 -46.418122  20
m 13700 154.3961836 -46.4182555 20
m 13702 154.3962437 -46.4167752 20
m 13703 154.3959312 -46.4169721 10
m 13709 154.3963047 -46.4156541 16
m 13710 154.396018  -46.4157283 18
m 13711 154.3958169 -46.4158848  5
m 13717 154.3960999 -46.414398  30
m 13718 154.3961481 -46.4140535 34
m 13719 154.3958373 -46.4139439 19
m 13721 154.3961318 -46.4137676 20
m 13723 154.3963044 -46.4129206 35
m 13724 154.3959067 -46.4131656 26
m 13726 154.395826  -46.4122019  6
m 13729 154.3957744 -46.4243574 18
m 13730 154.3956727 -46.4242995 12
m 13738 154.3956937 -46.4223345 16
m 13739 154.3953547 -46.422151  20
m 13741 154.3957575 -46.4216887 19
m 13743 154.395479  -46.421702   7
m 13745 154.3956977 -46.421408  10
m 13749 154.395647  -46.4205918 14
m 13750 154.3955027 -46.4207174 11
m 13751 154.3957338 -46.4194562 18
m 13752 154.3955879 -46.4196888 20
m 13755 154.3957676 -46.4187405 19
m 13756 154.3956072 -46.4187063 19
m 13761 154.3955427 -46.4172092 20
m 13762 154.3954205 -46.4170967 17
m 13765 154.3955623 -46.4169949 14
m 13767 154.3955062 -46.4161531 20
m 13768 154.3955776 -46.4154024 20
m 13773 154.395649  -46.4137638 35
m 13774 154.3953718 -46.4138311 25
m 13778 154.3954407 -46.4133259 33
m 13779 154.3957097 -46.4129357 18
m 13782 154.3955194 -46.412516  25
m 13783 154.3957168 -46.4125709 17
m 13784 154.3954213 -46.4125279 12
m 13785 154.3955394 -46.4122824 27
m 13787 154.3953144 -46.4121024 33
m 13790 154.3953843 -46.4117507 15
m 13797 154.394981  -46.4229746 20
m 13800 154.3953073 -46.4219999 20
m 13801 154.3949286 -46.4215776 20
m 13803 154.3948266 -46.4209044 16
m 13808 154.3950464 -46.4192292 20
m 13809 154.3948424 -46.4186612  4
m 13811 154.3952288 -46.4175386 20
m 13814 154.3948091 -46.4167823 20
m 13816 154.3952113 -46.415995  20
m 13818 154.3952686 -46.4153114 20
m 13822 154.3948295 -46.4148118  4
m 13824 154.3951591 -46.4144381 28
m 13825 154.3952101 -46.4142339 33
m 13828 154.3952604 -46.4138688 28
m 13839 154.3948119 -46.4116516 13
m 13842 154.3951823 -46.4113833 13
m 13845 154.3943579 -46.424899   6
m 13846 154.3947982 -46.4243926  3
m 13847 154.3946306 -46.4243483 19
m 13849 154.3947739 -46.4240112 20
m 13855 154.3945651 -46.423313  19
m 13858 154.3945039 -46.4226558  6
m 13860 154.3947591 -46.4223257 19
m 13861 154.3943827 -46.4222927 18
m 13862 154.3945981 -46.4222051 14
m 13864 154.3944035 -46.4219004 10
m 13865 154.3943485 -46.4220595 20
m 13868 154.3946986 -46.4211486 20
m 13871 154.3946463 -46.4206518 10
m 13872 154.3945625 -46.420648   8
m 13874 154.3947606 -46.4200318 19
m 13876 154.3943545 -46.4198933 16
m 13880 154.3946515 -46.4183354 20
m 13881 154.3943819 -46.4182241 20
m 13882 154.3943068 -46.4180433  8
m 13883 154.3945918 -46.4171284  9
m 13885 154.3946551 -46.4173122 20
m 13898 154.3945145 -46.4153827 19
m 13899 154.3945843 -46.415088  20
m 13900 154.394482  -46.4149488 15
m 13903 154.3946158 -46.414509  17
m 13904 154.3945075 -46.4139119 33
m 13906 154.3943645 -46.4136608 35
m 13912 154.3947504 -46.4128771 11
m 13914 154.3943725 -46.4131515 14
m 13916 154.3947644 -46.4127028  9
m 13918 154.3946585 -46.4121486 18
m 13922 154.3947546 -46.4121297 19
m 13924 154.3946143 -46.4111948 30
m 13934 154.3942414 -46.424051   3
m 13935 154.3941358 -46.4238506 20
m 13939 154.393848  -46.4219912 20
m 13941 154.3942307 -46.421641  19
m 13944 154.3938996 -46.4206475 11
m 13947 154.3941747 -46.4200663 20
m 13948 154.3939511 -46.4200109 20
m 13950 154.3940131 -46.4190934  8
m 13951 154.3939049 -46.4193142 18
m 13952 154.393951  -46.4180613 17
m 13953 154.3941528 -46.4174577 19
m 13956 154.394101  -46.4165663 20
m 13959 154.3940559 -46.4149856 17
m 13962 154.3942783 -46.4147499 18
m 13963 154.3941502 -46.4148077  5
m 13964 154.3938307 -46.4145259  6
m 13965 154.3940731 -46.414397  24
m 13967 154.3939745 -46.4138019 32
m 13968 154.393934  -46.4136982 25
m 13975 154.3941984 -46.4117754 34
m 13978 154.3937862 -46.4249424  6
m 13980 154.3933609 -46.4248743 18
m 13982 154.3935983 -46.4244531 19
m 13984 154.3936804 -46.4239754 16
m 13987 154.393491  -46.4230539 18
m 13990 154.3937873 -46.4225128 14
m 13993 154.3934019 -46.4220783 14
m 13994 154.3933554 -46.4217224 14
m 13997 154.3933509 -46.4212204 20
m 14001 154.3936175 -46.4210192 20
m 14002 154.3934692 -46.4208622 16
m 14007 154.3934424 -46.4207763 15
m 14014 154.3936491 -46.4187179 20
m 14018 154.3936148 -46.4179717 13
m 14023 154.3936982 -46.4167754 18
m 14026 154.3934572 -46.4157404 20
m 14029 154.3933842 -46.4154754 13
m 14030 154.3936137 -46.4149271 14
m 14031 154.3934962 -46.4151165 20
m 14033 154.3934437 -46.414734  22
m 14034 154.3937298 -46.4145128 21
m 14035 154.3936003 -46.4143488 31
m 14036 154.3934732 -46.4140899 35
m 14041 154.3936964 -46.413436  33
m 14046 154.3935824 -46.4129977 29
m 14053 154.3937586 -46.4125098 25
m 14054 154.3933578 -46.4128074 35
m 14055 154.3935002 -46.4119125 35
m 14056 154.3936991 -46.4118143  8
m 14057 154.3933987 -46.4120043 31
m 14058 154.3935175 -46.4111799  4
m 14059 154.3934121 -46.4114046 16
m 14060 154.3933614 -46.41116   33
m 14062 154.3929904 -46.4245721 19
m 14065 154.3928713 -46.4239789  3
m 14066 154.393256  -46.4234082  6
m 14067 154.3930299 -46.4235325 20
m 14070 154.3932382 -46.4223982 19
m 14072 154.3931378 -46.4218603  6
m 14077 154.3932141 -46.4188358 19
m 14081 154.3929876 -46.4181971 19
m 14082 154.392987  -46.4180808 18
m 14086 154.3932605 -46.4174208 20
m 14087 154.3931164 -46.4175604 16
m 14091 154.3929774 -46.4167644 18
m 14092 154.3932842 -46.4164906 18
m 14093 154.3930431 -46.4164366 20
m 14098 154.3929006 -46.4158544 20
m 14099 154.3932816 -46.4152925 15
m 14101 154.3930072 -46.4147255 21
m 14102 154.3929469 -46.4148119 16
m 14106 154.3931213 -46.4139226 28
m 14120 154.3931288 -46.4116    34
m 14122 154.3927488 -46.4248172 19
m 14125 154.3925476 -46.4242367 13
m 14126 154.3926255 -46.4235994 15
m 14128 154.3925914 -46.4228335 20
m 14132 154.3927396 -46.4222002 14
m 14135 154.3927029 -46.4216011  3
m 14136 154.3926643 -46.4217586  5
m 14137 154.3925255 -46.4218363 18
m 14138 154.3923988 -46.4215423 19
m 14144 154.39254   -46.4196116 17
m 14146 154.3923737 -46.4192962 19
m 14148 154.392733  -46.418654  20
m 14150 154.3923954 -46.4184914 14
m 14153 154.3926671 -46.4177383 20
m 14155 154.3926386 -46.4172822 20
m 14156 154.3924061 -46.4164081 11
m 14158 154.392522  -46.4162874 20
m 14168 154.392739  -46.4149934 13
m 14169 154.3927302 -46.4146198 17
m 14172 154.3927732 -46.4143148 19
m 14175 154.3924032 -46.4136324 29
m 14178 154.3925471 -46.413527  15
m 14179 154.3926698 -46.4131122  5
m 14181 154.392655  -46.4125436  7
m 14188 154.3924038 -46.4118302 25
m 14189 154.3927116 -46.411679  18
m 14191 154.3925713 -46.4113545  3
m 14195 154.3922752 -46.4241649 19
m 14197 154.3918032 -46.4239185 20
m 14202 154.3918582 -46.4227745 20
m 14203 154.3920364 -46.4222124 16
m 14206 154.3919799 -46.4217089 17
m 14207 154.3918381 -46.421684  16
m 14210 154.3919864 -46.4208192 10
m 14215 154.3918968 -46.4203696 19
m 14217 154.3921515 -46.4201142 18
m 14218 154.3920413 -46.4198938  7
m 14220 154.3918089 -46.4194301 14
m 14230 154.3922144 -46.4160185 19
m 14231 154.3921513 -46.4159032 19
m 14237 154.3919324 -46.4146492  9
m 14241 154.3919755 -46.4140302 24
m 14245 154.3919067 -46.4132938 35
m 14249 154.3918595 -46.412832  33
m 14254 154.3921199 -46.4120843 34
m 14255 154.3919537 -46.411824  11
m 14272 154.3918763 -46.4111582  5
m 14273 154.3914578 -46.4247773 20
m 14275 154.3913431 -46.424499  13
m 14277 154.3913549 -46.4239519 20
m 14280 154.3916215 -46.4227989 18
m 14282 154.3915124 -46.4223747 20
m 14283 154.3914622 -46.4222676  7
m 14286 154.3915911 -46.4214912  4
m 14296 154.3914747 -46.4184454 11
m 14298 154.3914289 -46.4180412 18
m 14299 154.3915946 -46.4174719 20
m 14300 154.3915286 -46.4170484 14
m 14302 154.3912875 -46.4169848 20
m 14303 154.3914245 -46.4166995 17
m 14304 154.3916355 -46.4162157 20
m 14310 154.3912982 -46.4155706 17
m 14313 154.391652  -46.4147565 22
m 14320 154.3913892 -46.4140444 35
m 14321 154.3916117 -46.4136437  3
m 14323 154.3916968 -46.4133858 35
m 14325 154.391359  -46.4133295 31
m 14330 154.3914632 -46.4119132 26
m 14333 154.3914039 -46.4114419 19
m 14335 154.3910624 -46.424394  19
m 14338 154.3912546 -46.4237268 19
m 14339 154.3910824 -46.4232709 21
m 14341 154.390866  -46.4225873 17
m 14347 154.3912305 -46.4214429 20
m 14354 154.3911164 -46.4199449 17
m 14355 154.3910685 -46.4196148 21
m 14356 154.3910546 -46.4197112  7
m 14357 154.3911369 -46.4190935 15
m 14360 154.390818  -46.4190568 21
m 14362 154.3909551 -46.4184882  3
m 14364 154.3908514 -46.4183116 21
m 14369 154.3909123 -46.417093   8
m 14371 154.3910855 -46.4164069 20
m 14376 154.391217  -46.4151376 17
m 14378 154.3909047 -46.4150352 13
m 14382 154.3911508 -46.4136541 36
m 14387 154.3911987 -46.4128705 36
m 14389 154.3909597 -46.4131052 33
m 14392 154.3909055 -46.4122238  4
m 14395 154.3912086 -46.4117677 35
m 14397 154.3908007 -46.4116532 23
m 14398 154.3911533 -46.4113584 24
m 14400 154.3909374 -46.4113438 16
m 14404 154.3906956 -46.4239729 21
m 14406 154.3907028 -46.4234438 20
m 14411 154.3906798 -46.422662  12
m 14412 154.3906339 -46.4225164 17
m 14413 154.3904757 -46.4223754 15
m 14415 154.3906773 -46.4220968 20
m 14417 154.390483  -46.4216033 15
m 14418 154.3903237 -46.4217723 18
m 14419 154.3907443 -46.421305  11
m 14421 154.3903784 -46.420866  19
m 14422 154.3907157 -46.4206611 19
m 14427 154.3907652 -46.4198417  4
m 14428 154.3907325 -46.4200752 16
m 14429 154.3904165 -46.4198576  6
m 14430 154.3903468 -46.419865   5
m 14439 154.3907351 -46.4184224  7
m 14441 154.39033   -46.4184536 16
m 14443 154.3905958 -46.417889  18
m 14447 154.3903842 -46.4172274 21
m 14451 154.3903718 -46.4160522  5
m 14452 154.3902846 -46.4153566 15
m 14454 154.3905528 -46.4150543  3
m 14456 154.3904943 -46.4144132 27
m 14457 154.3906283 -46.4144235  9
m 14458 154.3906158 -46.4143697  3
m 14462 154.3903618 -46.4133786 35
m 14463 154.3906512 -46.412884  24
m 14464 154.3905961 -46.4130708  5
m 14465 154.3902821 -46.4122044 36
m 14469 154.3903644 -46.411533  23
m 14471 154.3901358 -46.4243498 19
m 14475 154.3899599 -46.423532   3
m 14476 154.3897822 -46.4232314 21
m 14479 154.3898298 -46.4229274 14
m 14488 154.3899417 -46.4202788 20
m 14492 154.3902041 -46.4190804 21
m 14496 154.3900419 -46.4181905 14
m 14497 154.390264  -46.4179843 21
m 14505 154.3902382 -46.4155118 17
m 14506 154.3900708 -46.4154163  4
m 14507 154.3900355 -46.415514   6
m 14508 154.3902632 -46.4152571 19
m 14513 154.3902604 -46.4145471 27
m 14516 154.390092  -46.4136863 35
m 14522 154.3900084 -46.4118847 34
m 14524 154.3901932 -46.4115451 28
m 14525 154.3899528 -46.4116762 21
m 14527 154.3897284 -46.4249252  9
m 14528 154.3896779 -46.4247821 18
m 14530 154.3893296 -46.4242531 21
m 14533 154.3895706 -46.4226395 20
m 14536 154.3897663 -46.4217758 21
m 14539 154.3895662 -46.4217211 19
m 14542 154.3892893 -46.4203992 20
m 14544 154.3893734 -46.4199442 18
m 14545 154.389496  -46.4194699 17
m 14547 154.3893218 -46.4194447  8
m 14550 154.389701  -46.4190805 20
m 14555 154.389638  -46.4183523 16
m 14556 154.3894152 -46.4181168 10
m 14559 154.3894006 -46.41764   20
m 14560 154.3897114 -46.4170707 20
m 14562 154.3893839 -46.4167102  4
m 14563 154.389374  -46.4168217  8
m 14567 154.3896233 -46.4166448 19
m 14571 154.3897475 -46.4154441 21
m 14574 154.3894395 -46.415179  16
m 14575 154.3893451 -46.4150111 21
m 14582 154.3897528 -46.412551  31
m 14586 154.3894409 -46.4120028 36
m 14587 154.3895832 -46.4116855 33
m 14588 154.3895378 -46.4111452 34
m 14594 154.3889952 -46.4232418 19
m 14600 154.388989  -46.4216276 16
m 14601 154.3891863 -46.4212515 21
m 14603 154.3888098 -46.4212105 20
m 14604 154.3892582 -46.420699  18
m 14608 154.3889405 -46.4204913 19
m 14609 154.3889137 -46.420732  17
m 14615 154.3888981 -46.4193791 20
m 14618 154.3889118 -46.4183987  6
m 14619 154.3892598 -46.4177318  9
m 14627 154.3891575 -46.4172232 21
m 14635 154.3890676 -46.4158829 21
m 14637 154.3890263 -46.4152282 14
m 14641 154.3889391 -46.4142427  4
m 14642 154.3887983 -46.4142226 30
m 14644 154.3890351 -46.4139114  4
m 14646 154.3889713 -46.4136687 35
m 14647 154.3888918 -46.4134212 12
m 14651 154.3891841 -46.4127135 34
m 14652 154.3889621 -46.4126737 12
m 14654 154.3889268 -46.4121308 18
m 14659 154.3888608 -46.4116022 17
m 14663 154.388468  -46.4245978 11
m 14672 154.3883303 -46.4232386 12
m 14674 154.3885689 -46.4225166 13
m 14677 154.3886384 -46.4216771 21
m 14679 154.388448  -46.4214888 17
m 14686 154.3885986 -46.419086  19
m 14688 154.3887101 -46.4187963 16
m 14697 154.3883615 -46.4179967 14
m 14700 154.3885623 -46.4170203 20
m 14704 154.3885482 -46.4160653 21
m 14710 154.3883633 -46.4151306 19
m 14711 154.3882943 -46.4149407 21
m 14717 154.3886461 -46.4131145 32
m 14718 154.3884803 -46.4124916 31
m 14722 154.3878352 -46.4242987 21
m 14723 154.3877819 -46.4246045  8
m 14725 154.3881181 -46.4242212 19
m 14728 154.387882  -46.4238733  3
m 14731 154.388134  -46.4218857 17
m 14741 154.3882075 -46.4193421 21
m 14743 154.3878464 -46.4193458 18
m 14744 154.3877624 -46.4192306 20
m 14749 154.388115  -46.4187299 17
m 14750 154.3880158 -46.4187214  3
m 14754 154.3881897 -46.4171651 20
m 14758 154.3881511 -46.4161394 20
m 14759 154.3881839 -46.41564    9
m 14766 154.3881031 -46.4134433 25
m 14770 154.388205  -46.4120907 28
m 14776 154.3873605 -46.4248074 12
m 14783 154.3876337 -46.4234405  5
m 14785 154.3874693 -46.4234528 15
m 14788 154.3873269 -46.4227302 20
m 14789 154.3877387 -46.4218949 21
m 14790 154.3875118 -46.4214798 21
m 14792 154.38762   -46.4207058 21
m 14796 154.3876111 -46.4201716 21
m 14801 154.3873808 -46.4192796 15
m 14804 154.3873088 -46.4190527 14
m 14805 154.3876604 -46.4187259 16
m 14812 154.3874712 -46.4168137 21
m 14815 154.3873921 -46.4158973 21
m 14817 154.3876496 -46.4148755 18
m 14824 154.3876554 -46.4138734 25
m 14830 154.3876313 -46.4126267 35
m 14831 154.3877432 -46.4122959 32
m 14837 154.3871858 -46.4243261 19
m 14850 154.3872436 -46.4209613 20
m 14860 154.3869957 -46.4184103 21
m 14861 154.3869765 -46.4179637 21
m 14862 154.3869638 -46.4173505 10
m 14863 154.386868  -46.4174333  3
m 14868 154.3868848 -46.415808  15
m 14871 154.3871854 -46.4152621 19
m 14872 154.3868718 -46.4151002 20
m 14880 154.3871658 -46.4128018  3
m 14881 154.3871729 -46.4117168 11
m 14884 154.3867093 -46.4241579 20
m 14886 154.3862911 -46.4236479 19
m 14887 154.3866368 -46.4233269 14
m 14888 154.3863598 -46.42333   10
m 14889 154.3865607 -46.4230981 20
m 14894 154.3864154 -46.4218823  9
m 14896 154.3867366 -46.4211912 21
m 14898 154.3866089 -46.421127  12
m 14900 154.3866946 -46.4207088 19
m 14906 154.3865108 -46.419017  12
m 14908 154.3863667 -46.4183878 21
m 14909 154.3867372 -46.4182574 21
m 14910 154.3862921 -46.4181132 19
m 14911 154.3866441 -46.4177584 17
m 14914 154.386501  -46.4174662 21
m 14915 154.386714  -46.4171356 19
m 14918 154.3867261 -46.4169798 16
m 14919 154.3863499 -46.4168621 19
m 14921 154.386613  -46.415419   8
m 14925 154.3867321 -46.4145266 25
m 14927 154.3863291 -46.4142442 13
m 14930 154.3863309 -46.413772  26
m 14933 154.3864035 -46.4133152 25
m 14936 154.3866285 -46.4114113 16
m 14937 154.3865127 -46.4113476 15
m 14939 154.3863369 -46.4111318 30
m 14942 154.3862165 -46.4240699  9
m 14945 154.3859971 -46.4238594 20
m 14946 154.3858424 -46.4237825 11
m 14949 154.386061  -46.4230964 17
m 14951 154.3861108 -46.4223836 20
m 14952 154.3858976 -46.4224476 13
m 14955 154.3860695 -46.4218669  8
m 14961 154.3859598 -46.4195248 21
m 14963 154.3857532 -46.4196265 14
m 14964 154.3858871 -46.4193251 17
m 14966 154.3860712 -46.4170417 21
m 14967 154.3858129 -46.4171948 15
m 14970 154.386141  -46.4165397 20
m 14972 154.385826  -46.4162548 21
m 14974 154.3859247 -46.4158205 20
m 14981 154.3859339 -46.4146536 25
m 14983 154.3857801 -46.4144134 21
m 14988 154.3857527 -46.4132329 33
m 14991 154.3860602 -46.4128155 32
m 14992 154.3862066 -46.4122617 24
m 14993 154.3861891 -46.4123885 34
m 14996 154.38581   -46.4120922 20
m 14997 154.3858992 -46.4117063 35
m 15011 154.3854984 -46.4213742 10
m 15012 154.3854021 -46.4214429 21
m 15013 154.3857179 -46.4206244 20
m 15014 154.3852881 -46.420614  20
m 15019 154.3856246 -46.4192888 19
m 15020 154.3854503 -46.4187943 21
m 15022 154.3856132 -46.4184471 18
m 15023 154.3855057 -46.4181514 19
m 15024 154.3852901 -46.4181381  5
m 15025 154.3857353 -46.4177595 14
m 15029 154.3855418 -46.4168271  4
m 15030 154.3856752 -46.4166073  4
m 15031 154.385632  -46.4163109 17
m 15032 154.3852406 -46.4163193 21
m 15034 154.3853181 -46.415845  20
m 15035 154.3855993 -46.4153796 18
m 15038 154.3855541 -46.4143995 24
m 15044 154.3855995 -46.4121389 28
m 15045 154.3854909 -46.4122336 12
m 15050 154.3856114 -46.4115374 15
m 15051 154.3855131 -46.4116212 30
m 15055 154.3854286 -46.4111628 25
m 15059 154.3850953 -46.4237397  6
m 15060 154.3850441 -46.4236536  8
m 15062 154.3849646 -46.4228097 18
m 15064 154.3849718 -46.4223688 14
m 15068 154.3851292 -46.4215933 19
m 15069 154.3849164 -46.4212588 21
m 15070 154.3852074 -46.4210628 10
m 15071 154.3851662 -46.4208757 17
m 15080 154.384983  -46.4197515 18
m 15082 154.3851223 -46.4188887 21
m 15083 154.3848867 -46.4184512 21
m 15084 154.3848981 -46.4180509 21
m 15092 154.3850394 -46.4160112 20
m 15095 154.3848087 -46.4155755 19
m 15101 154.3852088 -46.4129787 32
m 15104 154.3847533 -46.4131045 34
m 15106 154.3849502 -46.411852  32
m 15111 154.3845304 -46.4247203 12
m 15116 154.3844794 -46.4216958  5
m 15120 154.3846796 -46.4191584 10
m 15121 154.3843797 -46.4192632 19
m 15125 154.3844306 -46.418501  12
m 15126 154.3845882 -46.4183841 18
m 15127 154.3844049 -46.4181531 19
m 15129 154.3846027 -46.4176999 21
m 15133 154.3844216 -46.4175043 19
m 15137 154.3845875 -46.4166184 21
m 15138 154.3844015 -46.4162151 14
m 15142 154.3842847 -46.4155753  6
m 15144 154.3843115 -46.415083  12
m 15147 154.3843903 -46.4143336  7
m 15149 154.3842489 -46.4141485 14
m 15150 154.3846045 -46.413687  36
m 15153 154.3844905 -46.4128225 36
m 15156 154.384304  -46.4123458  8
m 15161 154.3846349 -46.4111581 21
m 15162 154.3844598 -46.4113954 15
m 15165 154.3840253 -46.4240608 17
m 15166 154.3841728 -46.4228427 16
m 15167 154.3840397 -46.4226001  4
m 15171 154.3840047 -46.4219587  8
m 15173 154.3841688 -46.421694  10
m 15177 154.3841271 -46.4210673 10
m 15180 154.383976  -46.4203323 17
m 15182 154.3837336 -46.4194292 21
m 15183 154.3841168 -46.4187657 17
m 15184 154.3840494 -46.4189526 19
m 15196 154.3837895 -46.4155523  6
m 15197 154.383945  -46.4145752 25
m 15198 154.3839075 -46.4147181 20
m 15202 154.3840561 -46.4136715 35
m 15205 154.3841857 -46.4134497 31
m 15207 154.3839476 -46.4135023 33
m 15208 154.3842077 -46.4128558 15
m 15211 154.3839052 -46.4130437 35
m 15214 154.3838967 -46.4126063  9
m 15216 154.3837797 -46.4127045 34
m 15222 154.3839334 -46.4116066 32
m 15226 154.3842292 -46.4111148 25
m 15229 154.3832829 -46.4248172  3
m 15234 154.3837032 -46.4210572 18
m 15240 154.3833491 -46.419538  11
m 15245 154.3836649 -46.4176993  6
m 15247 154.3832449 -46.417444  18
m 15253 154.3833067 -46.4164015 19
m 15255 154.3836405 -46.4153132 19
m 15259 154.3836016 -46.4142645 32
m 15260 154.3832793 -46.4143836  9
m 15262 154.3834483 -46.413273  29
m 15265 154.3832978 -46.4126779 32
m 15267 154.3833233 -46.4123036 31
m 15271 154.3835677 -46.4115606 24
m 15275 154.3830995 -46.4248677  4
m 15277 154.3831616 -46.4237701 10
m 15278 154.3830938 -46.4236353 14
m 15285 154.3830868 -46.4218523 15
m 15290 154.3828557 -46.4211279 15
m 15292 154.3830903 -46.4204964 16
m 15293 154.383107  -46.4200627 21
m 15295 154.3827871 -46.4197126  4
m 15296 154.382904  -46.4192084 19
m 15298 154.3831057 -46.4184784  6
m 15299 154.3828338 -46.4182635 18
m 15301 154.3830449 -46.4177641 21
m 15302 154.3830248 -46.417611  15
m 15309 154.3831193 -46.4160069 20
m 15311 154.3827252 -46.4156151 15
m 15312 154.3830007 -46.4154673 15
m 15317 154.382734  -46.4146278 20
m 15318 154.3830377 -46.414371  18
m 15321 154.3828017 -46.4142701 25
m 15324 154.3829154 -46.4132842 12
m 15325 154.3827882 -46.4126618 28
m 15328 154.3830962 -46.4115737 22
m 15332 154.3825134 -46.4249805  3
m 15334 154.382301  -46.4245228  4
m 15335 154.3824361 -46.4242631 15
m 15340 154.3824127 -46.4225291 10
m 15341 154.3823848 -46.4223623 11
m 15342 154.3822233 -46.4222062  8
m 15346 154.3825553 -46.4210576 12
m 15354 154.3825505 -46.4200091 20
m 15359 154.382451  -46.4193674 19
m 15360 154.3824372 -46.4191915 20
m 15364 154.3822556 -46.4184039  5
m 15367 154.3822605 -46.4180812 18
m 15368 154.3826656 -46.4177515 19
m 15373 154.3825967 -46.4160001 18
m 15382 154.3822532 -46.4129764 34
m 15384 154.382398  -46.4124938 27
m 15399 154.3821631 -46.4235998  7
m 15403 154.3820577 -46.4230572  8
m 15404 154.3818947 -46.4231955  3
m 15409 154.3818935 -46.421998   4
m 15410 154.3817153 -46.4218765  3
m 15414 154.3817708 -46.4214693  5
m 15422 154.3818625 -46.4189555 13
m 15425 154.3819011 -46.418519  12
m 15427 154.3819563 -46.4180596 12
m 15428 154.3820492 -46.4179193  8
m 15429 154.3817303 -46.4178698  9
m 15430 154.3820097 -46.4175833 14
m 15431 154.3819818 -46.4173576 15
m 15441 154.3820333 -46.4132783 27
m 15442 154.3817547 -46.4133995 11
m 15447 154.3817491 -46.41265    7
m 15448 154.382159  -46.4123228 17
m 15451 154.3818802 -46.4118523 16
m 15473 154.3812649 -46.4189064  3
m 15474 154.3812194 -46.4184851  4
m 15477 154.3813715 -46.4174279  5
m 15482 154.3812153 -46.4161575  5
m 15484 154.3816293 -46.4150345  3
m 15494 154.3817068 -46.4127479  4
m 15496 154.3815329 -46.4117426  3
m 15524 154.3807178 -46.4157464  4
m 15528 154.3811921 -46.4141378  6
m 15570 154.3805269 -46.41551    4
m 15574 154.3803123 -46.414387   4
m 15654 154.3792224 -46.4158597  4
m 15660 154.3793414 -46.4144932  4
m 15706 154.3791003 -46.4163679  4
m 15757 154.3782662 -46.4150876  3
m 20607 154.4247109 -46.4108481 13
m 20625 154.4245669 -46.4067051 10
m 20629 154.4248092 -46.4057518  4
m 20662 154.4241806 -46.4106753 23
m 20663 154.4241524 -46.4105735 17
m 20665 154.4244999 -46.4100515 17
m 20667 154.42422   -46.4092782  8
m 20675 154.4244094 -46.4062916  7
m 20679 154.424109  -46.404505   3
m 20682 154.4241394 -46.4041422 11
m 20683 154.4240161 -46.4039627  7
m 20694 154.4244055 -46.4009353  4
m 20703 154.4241165 -46.3988749  8
m 20705 154.4245117 -46.3981608  5
m 20706 154.4240546 -46.3977498  6
m 20713 154.4235524 -46.4107261 17
m 20714 154.4239837 -46.4102259  8
m 20717 154.4239552 -46.4090434  6
m 20720 154.4237542 -46.408484  11
m 20721 154.4235922 -46.4085536 10
m 20724 154.4239638 -46.4073642 10
m 20725 154.4239218 -46.4075238  9
m 20726 154.4235116 -46.4071632  3
m 20740 154.4235418 -46.4030101  6
m 20741 154.4237614 -46.4026648  9
m 20742 154.4239413 -46.401533  11
m 20747 154.4238807 -46.3994849  9
m 20750 154.4237496 -46.3980884 10
m 20751 154.4235174 -46.3979822  8
m 20755 154.4234086 -46.4109203 25
m 20757 154.4233115 -46.4097611 13
m 20763 154.423432  -46.4089164 10
m 20767 154.4233928 -46.4085264  5
m 20770 154.4230443 -46.4083879  4
m 20774 154.4230765 -46.4077184 11
m 20777 154.4230709 -46.4062785 11
m 20782 154.4232422 -46.4054889 10
m 20785 154.4231691 -46.4048662  5
m 20790 154.4233769 -46.4037353 10
m 20793 154.4234769 -46.4033347 10
m 20795 154.4231156 -46.4024327  5
m 20799 154.4230787 -46.4023499  5
m 20800 154.4230272 -46.4019336  4
m 20803 154.4232232 -46.4002444 11
m 20815 154.4227984 -46.410643  24
m 20823 154.4226321 -46.4087911 12
m 20824 154.4225687 -46.4083218  5
m 20825 154.4227505 -46.4079705 12
m 20828 154.4226257 -46.4055642  9
m 20832 154.4229268 -46.4050257  3
m 20834 154.4229435 -46.4048133 11
m 20838 154.4227902 -46.4036255 11
m 20840 154.4227373 -46.4032244  4
m 20841 154.422504  -46.4031238 12
m 20844 154.4225836 -46.4021974 10
m 20849 154.4227062 -46.4013154 11
m 20853 154.4229144 -46.400263  11
m 20856 154.4225502 -46.3989031  8
m 20858 154.4227618 -46.3981758  3
m 20859 154.422901  -46.3975716  3
m 20862 154.4225529 -46.3978634 10
m 20866 154.4222946 -46.4107672 22
m 20868 154.422471  -46.4104874 25
m 20870 154.4224066 -46.4091991 12
m 20872 154.4224817 -46.4084061 10
m 20873 154.4222677 -46.4086565 12
m 20875 154.4222757 -46.4079762  7
m 20878 154.4221586 -46.4078784  6
m 20880 154.4221622 -46.4071652 10
m 20884 154.4224387 -46.4059253 11
m 20885 154.4221489 -46.4060956  3
m 20886 154.422123  -46.4056665  9
m 20888 154.4220235 -46.4056943  5
m 20894 154.4224494 -46.4047345  4
m 20895 154.422077  -46.4048305 10
m 20896 154.4223763 -46.4042469 11
m 20897 154.4221955 -46.4044901 10
m 20899 154.422027  -46.4041623 12
m 20903 154.4223353 -46.4032883  9
m 20904 154.4220854 -46.4030277 12
m 20905 154.4224223 -46.4026894 12
m 20906 154.4223644 -46.4026144  7
m 20910 154.422381  -46.4016641 12
m 20911 154.4222226 -46.4014241  9
m 20912 154.4220131 -46.4016901  6
m 20914 154.4224439 -46.4005859 12
m 20915 154.4223751 -46.4001446  7
m 20917 154.4220329 -46.4002765 10
m 20919 154.4220821 -46.3997445 11
m 20924 154.4222102 -46.3985609 11
m 20934 154.4216451 -46.4098974 14
m 20937 154.4218738 -46.408914  12
m 20938 154.4215431 -46.408642  12
m 20944 154.4218369 -46.4071386 12
m 20946 154.4218423 -46.4063306 12
m 20948 154.4219077 -46.4061486  3
m 20949 154.4218503 -46.4061986  8
m 20951 154.4219588 -46.4053858 10
m 20952 154.4217563 -46.4052279 12
m 20960 154.4218293 -46.4037943 12
m 20961 154.4217064 -46.4037025 10
m 20962 154.4215701 -46.4027212 10
m 20970 154.4217527 -46.4006325 10
m 20972 154.4217583 -46.3999065  9
m 20973 154.4218055 -46.3995896 12
m 20974 154.4216503 -46.3992617 12
m 20977 154.4218863 -46.3985279  7
m 20984 154.421427  -46.4090983  6
m 20986 154.4211154 -46.4085086  6
m 20990 154.4210452 -46.4079724  8
m 20991 154.4210184 -46.4081112  3
m 20992 154.4214388 -46.4075948  4
m 21007 154.421022  -46.4031269  9
m 21011 154.4214833 -46.402604  10
m 21014 154.4211413 -46.4014729  3
m 21015 154.4211079 -46.4016048 11
m 21019 154.4214478 -46.4007827  3
m 21020 154.4212116 -46.4007254 10
m 21022 154.4212599 -46.4000209 12
m 21026 154.4212617 -46.3988022 10
m 21039 154.4209464 -46.4103286 26
m 21042 154.4206047 -46.4099319 12
m 21044 154.4207538 -46.4096506 10
m 21046 154.4205839 -46.4094233 12
m 21047 154.4209356 -46.4091982 10
m 21049 154.4205347 -46.4085092 12
m 21050 154.4209317 -46.4078276 12
m 21053 154.4209096 -46.4074372 12
m 21054 154.4206286 -46.4074966 11
m 21060 154.4206512 -46.4055562 12
m 21067 154.4207042 -46.4032778 12
m 21068 154.4209698 -46.4029526  7
m 21079 154.4208403 -46.3999902 12
m 21080 154.420788  -46.3995159 11
m 21083 154.4207329 -46.3984113 12
m 21088 154.4200325 -46.4110674 23
m 21089 154.4200324 -46.4107193 17
m 21090 154.4203421 -46.410375   5
m 21091 154.4202406 -46.4103339 23
m 21092 154.4203968 -46.4098727 11
m 21096 154.4201819 -46.4080347  8
m 21108 154.4202273 -46.4063647  3
m 21114 154.4204243 -46.4052669  7
m 21116 154.4202502 -46.4050773  9
m 21119 154.4202434 -46.4045976 12
m 21123 154.4202921 -46.4043839 10
m 21126 154.4200543 -46.4040079  8
m 21128 154.4203202 -46.4034512  5
m 21131 154.4201516 -46.402764  12
m 21135 154.420245  -46.4020164 10
m 21141 154.4204738 -46.3994894 11
m 21142 154.4203177 -46.3987982 12
m 21148 154.4198763 -46.4101435 20
m 21154 154.4195496 -46.4089599 12
m 21155 154.4195155 -46.4086454 12
m 21156 154.4198965 -46.4083278  9
m 21158 154.4196359 -46.4083646 11
m 21160 154.4196384 -46.4080477 10
m 21164 154.4195029 -46.407612  12
m 21165 154.4197734 -46.4069366  7
m 21172 154.4199265 -46.4049513 11
m 21174 154.4197534 -46.4048207 12
m 21176 154.4197742 -46.4042509  9
m 21177 154.419896  -46.4035374  5
m 21180 154.4198437 -46.4028249 10
m 21182 154.4195145 -46.4020888 11
m 21185 154.4197972 -46.401147   7
m 21189 154.4197593 -46.3996281  9
m 21190 154.4198288 -46.3990441  7
m 21191 154.4195664 -46.3992267  8
m 21192 154.4197305 -46.3988466 12
m 21193 154.419501  -46.3985013 12
m 21199 154.4190452 -46.4101129 20
m 21200 154.4192777 -46.4090734 12
m 21202 154.4193347 -46.4087826  5
m 21219 154.4193611 -46.403715  12
m 21220 154.4194175 -46.4029861 10
m 21228 154.4191294 -46.4011518 11
m 21232 154.4193435 -46.3998507  9
m 21235 154.419398  -46.3988637 11
m 21241 154.4187024 -46.4109708 24
m 21242 154.4187971 -46.4104018 18
m 21243 154.418802  -46.4099223  6
m 21245 154.4188313 -46.4097005  7
m 21246 154.418817  -46.4094063  5
m 21247 154.4189626 -46.4088413  3
m 21248 154.4186259 -46.4089373 11
m 21250 154.4186042 -46.4084112 12
m 21252 154.4185722 -46.4079835 11
m 21253 154.4188044 -46.4078345  5
m 21255 154.4188184 -46.4074231 12
m 21256 154.4185521 -46.4074691  9
m 21262 154.418753  -46.406387  10
m 21269 154.4185777 -46.4052915 12
m 21271 154.4189194 -46.4042924 12
m 21272 154.4185051 -46.4042091 12
m 21273 154.4188494 -46.4039285 12
m 21275 154.418652  -46.4036402  4
m 21278 154.4187974 -46.4028835  9
m 21280 154.4189411 -46.4027064 12
m 21282 154.4187701 -46.4020821  5
m 21283 154.4184761 -46.4014322 10
m 21284 154.4189068 -46.40092   11
m 21288 154.4188058 -46.4005939 11
m 21292 154.4186412 -46.399139  12
m 21293 154.4187922 -46.3988016  7
m 21294 154.4186936 -46.3986124 12
m 21296 154.418766  -46.3982446 10
m 21300 154.4183976 -46.4108113 25
m 21301 154.418303  -46.4105551 27
m 21304 154.4180078 -46.4102485  7
m 21309 154.418432  -46.4088068 12
m 21310 154.4183184 -46.4087386  5
m 21315 154.4183499 -46.4080815  4
m 21320 154.4181715 -46.4068982 12
m 21322 154.4181217 -46.4055428 12
m 21323 154.4184724 -46.4054048 12
m 21324 154.4182283 -46.4048114  8
m 21325 154.4180844 -46.404634  11
m 21327 154.4182859 -46.4040075 12
m 21330 154.418169  -46.4029278 11
m 21331 154.4184122 -46.4027319 12
m 21335 154.4184281 -46.4020131 11
m 21341 154.418365  -46.401107  12
m 21349 154.4182835 -46.3984701 12
m 21350 154.4180317 -46.3982017 12
m 21352 154.4182042 -46.3978415 10
m 21364 154.417565  -46.4094395 12
m 21368 154.417596  -46.4085706 10
m 21369 154.4175768 -46.4080865 12
m 21376 154.4175617 -46.4065751  9
m 21377 154.4175342 -46.4063474 11
m 21381 154.4177117 -46.4057445 10
m 21383 154.4179329 -46.405115  12
m 21385 154.4177293 -46.4046267  8
m 21388 154.4177896 -46.4039046  3
m 21391 154.417626  -46.4037292 10
m 21394 154.4178458 -46.4025261 10
m 21400 154.4179155 -46.4010131  8
m 21401 154.4176115 -46.400821  10
m 21405 154.4178613 -46.399712  12
m 21409 154.4176758 -46.3978159 10
m 21415 154.417273  -46.4096148 10
m 21426 154.4171774 -46.4065754 12
m 21429 154.4171828 -46.4059746 11
m 21433 154.4171906 -46.4055001  3
m 21434 154.4169637 -46.4053094 12
m 21436 154.4174075 -46.4038484  6
m 21441 154.4170279 -46.4034276 12
m 21442 154.417294  -46.4029515 10
m 21443 154.4172369 -46.403083  10
m 21445 154.4171481 -46.402555   7
m 21448 154.4173336 -46.4010811  9
m 21451 154.4170128 -46.401114  11
m 21457 154.4170458 -46.3993511  7
m 21459 154.41721   -46.3995536 10
m 21468 154.4170682 -46.3978432 10
m 21471 154.4164697 -46.4105856 17
m 21478 154.4165656 -46.409091  10
m 21481 154.41685   -46.4086358  4
m 21483 154.4169297 -46.4078032  7
m 21485 154.4165776 -46.4077725 10
m 21487 154.4164786 -46.4073016  4
m 21488 154.4166842 -46.4072548 11
m 21489 154.4165283 -46.4071901  6
m 21490 154.4168898 -46.4068818 11
m 21495 154.4167485 -46.4057079 12
m 21497 154.4168904 -46.4054488 11
m 21509 154.4164905 -46.4031889  9
m 21510 154.4168238 -46.4030352  5
m 21511 154.4166402 -46.4028021 12
m 21513 154.4165112 -46.4030031 10
m 21514 154.4165233 -46.4017271  7
m 21515 154.4168661 -46.4013946 12
m 21516 154.4165618 -46.4016089  8
m 21519 154.4167555 -46.4013629  4
m 21520 154.4165304 -46.4008164  6
m 21521 154.4168451 -46.4005165  7
m 21522 154.4166397 -46.4006216 12
m 21524 154.4166273 -46.4000539  9
m 21529 154.4166    -46.3990316 11
m 21535 154.4168241 -46.3977596  6
m 21536 154.4162533 -46.4109622 27
m 21539 154.4161329 -46.4106155 12
m 21547 154.416217  -46.4083522 11
m 21549 154.4163    -46.4074995  3
m 21551 154.4160592 -46.4070586  8
m 21552 154.4163364 -46.4067376 12
m 21554 154.4160782 -46.4056876 12
m 21555 154.4161033 -46.4054586 12
m 21556 154.4162458 -46.4051311 11
m 21559 154.4162473 -46.4046574 11
m 21560 154.4161593 -46.4047786 11
m 21567 154.4160603 -46.4032877 12
m 21570 154.4159839 -46.4030828 12
m 21574 154.4162364 -46.4026362  4
m 21575 154.4159551 -46.4024004 11
m 21576 154.4164227 -46.4019494 12
m 21578 154.4162424 -46.4018327 12
m 21580 154.4162662 -46.401074  11
m 21585 154.4163007 -46.3998144 12
m 21594 154.4160442 -46.3984077 12
m 21595 154.415977  -46.3984944 10
m 21596 154.4164216 -46.3982099 10
m 21605 154.4154698 -46.4104445 26
m 21614 154.4155602 -46.4087127 12
m 21617 154.4158375 -46.4074685 11
m 21624 154.4155639 -46.4056404 12
m 21628 154.415719  -46.4038264  8
m 21636 154.4156537 -46.4026222  6
m 21659 154.4150648 -46.4103163 26
m 21661 154.4153341 -46.4098585  6
m 21663 154.4149712 -46.4097273  3
m 21666 154.4150099 -46.4095051 12
m 21668 154.4151991 -46.409203   6
m 21672 154.4154249 -46.4078538 12
m 21675 154.4153313 -46.4072421 12
m 21677 154.4150206 -46.4072244  9
m 21678 154.4152405 -46.4069289  3
m 21681 154.4149551 -46.4067123 11
m 21683 154.4153316 -46.4060588  3
m 21685 154.4154339 -46.4051231  6
m 21697 154.4153459 -46.4025132 11
m 21701 154.4152486 -46.4017244  5
m 21704 154.4153298 -46.4014531  9
m 21707 154.4152158 -46.4007841 12
m 21714 154.4149564 -46.3998879 11
m 21725 154.4146302 -46.4106451 11
m 21727 154.4144717 -46.4106844 27
m 21728 154.414911  -46.4098402 12
m 21734 154.4147459 -46.4090559 12
m 21736 154.4147971 -46.4084261 12
m 21740 154.4147237 -46.4077551 12
m 21742 154.4144855 -46.4074315 11
m 21743 154.4148061 -46.4071322  5
m 21744 154.4147773 -46.4070307 12
m 21751 154.4145912 -46.4052512  6
m 21754 154.414931  -46.404579   9
m 21759 154.4147125 -46.4034647 11
m 21761 154.4145305 -46.4029485  8
m 21767 154.4148869 -46.4023708 12
m 21768 154.4146886 -46.4022368 11
m 21770 154.4144909 -46.402386  12
m 21772 154.4148382 -46.4018827 12
m 21782 154.4145992 -46.3974533  3
m 21784 154.4143827 -46.4109013 16
m 21786 154.4140225 -46.4108606 26
m 21789 154.4143957 -46.4103939 16
m 21792 154.414099  -46.4098277  4
m 21797 154.4139472 -46.4088748 11
m 21801 154.4141596 -46.4073413  6
m 21802 154.4141288 -46.4074014  8
m 21811 154.414107  -46.4054416 12
m 21814 154.4141198 -46.4048418 11
m 21817 154.414125  -46.4035281 12
m 21818 154.4143265 -46.4020121 12
m 21820 154.4142081 -46.4013918  9
m 21827 154.4143896 -46.3993785 12
m 21830 154.4143388 -46.3983076  3
m 21831 154.4143057 -46.3977303  5
m 21836 154.4137732 -46.4105084  6
m 21837 154.4137327 -46.4104584  5
m 21841 154.413797  -46.410333   6
m 21844 154.4134557 -46.4102847 24
m 21846 154.4136483 -46.4093738  8
m 21849 154.4139284 -46.4085513 10
m 21851 154.4138089 -46.4084005  3
m 21858 154.4137266 -46.4070372 12
m 21859 154.4134676 -46.4069061  8
m 21861 154.4136441 -46.4043626 12
m 21867 154.4136915 -46.4025591 10
m 21869 154.4139236 -46.4015309 11
m 21871 154.4138157 -46.4012312  6
m 21875 154.4135829 -46.4000038 12
m 21876 154.4135568 -46.4002779 12
m 21877 154.4134954 -46.3997158  3
m 21879 154.4135836 -46.3993829  9
m 21897 154.4131058 -46.4100117 10
m 21901 154.4130813 -46.4091368  7
m 21904 154.4133976 -46.4086076 12
m 21906 154.4130256 -46.4086469 11
m 21907 154.4129629 -46.4083644  9
m 21909 154.4131687 -46.4082605 12
m 21912 154.4130902 -46.4064185 11
m 21913 154.4129438 -46.4065264 11
m 21916 154.4129711 -46.4059624 11
m 21917 154.4133948 -46.405292   5
m 21918 154.4134017 -46.404848  12
m 21921 154.4131455 -46.4034505 12
m 21922 154.4131108 -46.4030648  6
m 21924 154.4131488 -46.4020462 12
m 21927 154.4130214 -46.3998364 12
m 21929 154.4133514 -46.3993573 12
m 21932 154.4134087 -46.3981812  3
m 21935 154.4129642 -46.3978182  7
m 21950 154.4127219 -46.4082272 11
m 21954 154.4125271 -46.4076106 12
m 21956 154.4125568 -46.4072223 11
m 21957 154.4126326 -46.406652  12
m 21963 154.4128639 -46.4045132 11
m 21965 154.4126539 -46.4039038 12
m 21968 154.4126826 -46.4032982 11
m 21969 154.4129061 -46.4029326 12
m 21970 154.4124378 -46.402793  12
m 21971 154.4127487 -46.4025179  9
m 21983 154.4128486 -46.3978356  6
m 21986 154.4122621 -46.4109002  8
m 21992 154.41197   -46.409533  10
m 21995 154.4123274 -46.4084134  9
m 21996 154.4120736 -46.4086538 10
m 21997 154.4123788 -46.4078145 10
m 22001 154.412141  -46.4071503  5
m 22004 154.4120744 -46.4058813 11
m 22005 154.4120143 -46.4056702  3
m 22014 154.4119913 -46.4043834 12
m 22016 154.4119766 -46.4038883 12
m 22023 154.4121866 -46.4025931 12
m 22024 154.4124249 -46.4018081 12
m 22026 154.4120695 -46.4020195 11
m 22027 154.4120296 -46.4019108 11
m 22031 154.4121096 -46.4006513 11
m 22032 154.4121539 -46.399862   6
m 22036 154.4122362 -46.3993264 11
m 22038 154.4122273 -46.3989439  8
m 22039 154.4123486 -46.3982906  8
m 22042 154.4123725 -46.3978299 10
m 22043 154.412277  -46.3974749  3
m 22047 154.4115602 -46.4102351 16
m 22048 154.4118508 -46.4098868 15
m 22051 154.4115533 -46.4087822 10
m 22052 154.4114836 -46.4086641 12
m 22053 154.4116466 -46.4076332 12
m 22054 154.4116067 -46.4073819 12
m 22057 154.4118078 -46.4066713  3
m 22059 154.4114571 -46.4067505 11
m 22063 154.4117497 -46.4058712 12
m 22065 154.4114598 -46.4055191 12
m 22068 154.4117796 -46.4038056 12
m 22069 154.4114745 -46.4040872 12
m 22079 154.4115976 -46.402158   3
m 22081 154.4115225 -46.4020728 12
m 22083 154.4114602 -46.4018558 12
m 22086 154.4116724 -46.4001611  7
m 22090 154.411461  -46.3990818 12
m 22093 154.4116081 -46.3980132 11
m 22106 154.4110372 -46.4096638 12
m 22110 154.4109831 -46.4089197 11
m 22118 154.4110035 -46.4077789 12
m 22119 154.4112069 -46.4073867 11
m 22123 154.411189  -46.4062689 11
m 22125 154.4110939 -46.4060292 12
m 22132 154.4109917 -46.4040268 12
m 22137 154.4110656 -46.402727   5
m 22143 154.4114223 -46.4014435 11
m 22152 154.4111549 -46.3992569 11
m 22156 154.4113379 -46.3985018 10
m 22158 154.4110434 -46.3984885 12
m 22168 154.4106085 -46.4105656 26
m 22172 154.4106328 -46.410202  21
m 22177 154.4107293 -46.4091428 12
m 22179 154.4105456 -46.4089271  7
m 22180 154.4105423 -46.4084503 11
m 22181 154.4105147 -46.4085734  6
m 22183 154.4105531 -46.408251   9
m 22192 154.410529  -46.4065912 11
m 22203 154.410662  -46.4048121  9
m 22209 154.4104691 -46.40368    3
m 22210 154.4107875 -46.4031267  7
m 22212 154.4108495 -46.4027879  8
m 22214 154.4104975 -46.403107   7
m 22216 154.4108181 -46.4027354  4
m 22219 154.410422  -46.402308   3
m 22221 154.4108541 -46.4011574  4
m 22222 154.4108905 -46.4008845 10
m 22224 154.410435  -46.3996742  3
m 22227 154.4107967 -46.3985132  8
m 22229 154.4108975 -46.3978309  3
m 22230 154.410537  -46.3976121  6
m 22232 154.4103695 -46.4104388 14
m 22233 154.4101037 -46.4107203 27
m 22235 154.4103558 -46.4101806 22
m 22237 154.410278  -46.4099283  4
m 22242 154.4103163 -46.4089039 12
m 22247 154.4100308 -46.408224  12
m 22249 154.4102217 -46.4076183 11
m 22253 154.4103215 -46.4068366 11
m 22254 154.410058  -46.4067369 12
m 22257 154.4103242 -46.4060392 10
m 22260 154.4100702 -46.405543  11
m 22261 154.409946  -46.4047861 11
m 22262 154.4103734 -46.4044209 10
m 22263 154.4100956 -46.4042751 12
m 22265 154.4103219 -46.403848  12
m 22271 154.4101633 -46.4029481  6
m 22272 154.410311  -46.4021444  9
m 22274 154.4101704 -46.4018919 10
m 22275 154.4103194 -46.4016401 10
m 22277 154.410097  -46.4013356  9
m 22280 154.4102353 -46.4005734 10
m 22283 154.4102364 -46.3996458 11
m 22284 154.4100128 -46.3996542  5
m 22287 154.4101717 -46.399023   8
m 22288 154.4101022 -46.3991555 10
m 22293 154.4101651 -46.3983631 10
m 22296 154.4099415 -46.3973549  3
m 22297 154.4098745 -46.410973  27
m 22302 154.409763  -46.4102002 24
m 22309 154.4096105 -46.4070325 12
m 22313 154.4095374 -46.4057925  3
m 22316 154.4095152 -46.4051716  4
m 22319 154.4098342 -46.4043586 12
m 22320 154.4094675 -46.4038075 12
m 22321 154.4098955 -46.4036212  4
m 22324 154.4097194 -46.403152   7
m 22325 154.4097814 -46.4024131 11
m 22327 154.4094897 -46.402095   5
m 22331 154.4096707 -46.4016847  6
m 22334 154.4098005 -46.4009241  7
m 22336 154.4098071 -46.4005462  9
m 22343 154.4095316 -46.3989573 11
m 22347 154.4095395 -46.3988783  3
m 22349 154.4095771 -46.3985288  3
m 22351 154.4099079 -46.3982349 11
m 22359 154.409203  -46.4103919 26
m 22360 154.4091842 -46.4101714  7
m 22362 154.4093965 -46.4100144  6
m 22369 154.4090423 -46.4094018 12
m 22379 154.4090005 -46.4084646 10
m 22385 154.4091162 -46.4067072 10
m 22387 154.409305  -46.4060633 10
m 22389 154.4091457 -46.4057987 10
m 22393 154.4090018 -46.4047064 12
m 22394 154.408924  -46.4044721 11
m 22395 154.4093594 -46.404123   4
m 22396 154.4089734 -46.4035279 12
m 22398 154.4089084 -46.4037189 11
m 22399 154.4093748 -46.4033859  9
m 22401 154.4093434 -46.4029536 12
m 22407 154.4091049 -46.4015453 11
m 22409 154.4092815 -46.4008532 12
m 22410 154.4092641 -46.4004058 12
m 22412 154.40896   -46.4006443  7
m 22414 154.4090581 -46.4002015  8
m 22423 154.4091199 -46.3984887 12
m 22430 154.4085321 -46.4109554  9
m 22434 154.4084369 -46.4099218 15
m 22435 154.4087098 -46.4096253 10
m 22438 154.4085578 -46.4089007 12
m 22439 154.4088867 -46.4084382 12
m 22441 154.4086528 -46.4080257 11
m 22443 154.4084289 -46.4083077 10
m 22447 154.408408  -46.406832   9
m 22449 154.4086792 -46.4060342 12
m 22450 154.4086844 -46.4058172 12
m 22451 154.4084995 -46.4055742 10
m 22452 154.4086467 -46.4052075 12
m 22456 154.4086764 -46.40447   12
m 22458 154.4088295 -46.4039556 12
m 22459 154.4087432 -46.4038178  4
m 22460 154.4085553 -46.4038804 10
m 22462 154.4087361 -46.4032667  4
m 22463 154.408568  -46.4032942 12
m 22468 154.4084858 -46.4018714 10
m 22486 154.408038  -46.4094692 11
m 22488 154.4079344 -46.4085012  9
m 22492 154.4081764 -46.4078727  7
m 22496 154.4079802 -46.4070637 12
m 22498 154.4082514 -46.4061478  3
m 22500 154.4083861 -46.4057092 11
m 22501 154.4082655 -46.4058267 11
m 22502 154.4083246 -46.4048718 12
m 22504 154.4082311 -46.4042923  7
m 22510 154.4081408 -46.4037378 11
m 22512 154.4083965 -46.402727   6
m 22517 154.4080275 -46.4006731 12
m 22518 154.4082488 -46.4001089  7
m 22520 154.4080625 -46.3993999  5
m 22522 154.4079319 -46.398975   6
m 22531 154.4077638 -46.4109692 27
m 22532 154.4074588 -46.4107371 23
m 22533 154.4074159 -46.4106328 27
m 22544 154.407404  -46.4085287  9
m 22554 154.4074126 -46.4074919 12
m 22555 154.4076851 -46.4068914 12
m 22556 154.4075442 -46.4062528  9
m 22557 154.4074139 -46.4064823 12
m 22564 154.4076969 -46.4043688 12
m 22565 154.4078818 -46.4039266 11
m 22570 154.4078144 -46.4027366  8
m 22572 154.4073953 -46.4024871 12
m 22578 154.4074917 -46.4015531  3
m 22583 154.4078293 -46.4000917 12
m 22584 154.4074372 -46.400321  11
m 22587 154.4078263 -46.3979862  7
m 22589 154.4076092 -46.397591   4
m 22592 154.4071796 -46.4110773  5
m 22594 154.4069174 -46.4099522 16
m 22598 154.4069816 -46.4088287 12
m 22603 154.4072118 -46.4079026 12
m 22604 154.4072025 -46.4074233 11
m 22613 154.4071572 -46.404471  11
m 22615 154.4069273 -46.4036445  7
m 22617 154.4073377 -46.4028362 12
m 22618 154.4072749 -46.403002   3
m 22624 154.4072126 -46.4001477  9
m 22625 154.4071115 -46.3996751 11
m 22630 154.4070635 -46.399016  12
m 22633 154.4070913 -46.3987281 10
m 22640 154.4067769 -46.4110376 31
m 22641 154.4064459 -46.4108718 46
m 22643 154.406862  -46.4097992 13
m 22644 154.4067152 -46.4098811  5
m 22648 154.4064676 -46.4096498 22
m 22650 154.4066874 -46.4093352 14
m 22652 154.4066634 -46.4087579 10
m 22654 154.406695  -46.4083743  7
m 22655 154.4065729 -46.4085773  6
m 22656 154.4068277 -46.4082591 11
m 22659 154.4068242 -46.4071373  6
m 22663 154.4064235 -46.4068161 23
m 22664 154.4065754 -46.4061587 17
m 22665 154.406836  -46.4057536 14
m 22668 154.4067264 -46.4054438 14
m 22669 154.4066849 -46.4051962  8
m 22670 154.4066158 -46.4052754 12
m 22681 154.406783  -46.4031269 14
m 22686 154.4067561 -46.4012851 13
m 22687 154.4065897 -46.4005755  3
m 22689 154.4066555 -46.3990911 11
m 22692 154.4066196 -46.3978466 12
m 22697 154.4061488 -46.4110094 39
m 22699 154.405959  -46.4106369 39
m 22700 154.4063738 -46.4102582 38
m 22705 154.4061985 -46.4089552 15
m 22706 154.4060063 -46.4087004 13
m 22707 154.4059731 -46.40886   15
m 22710 154.4061291 -46.4083357  9
m 22711 154.4060774 -46.4086419 22
m 22712 154.4059225 -46.4080305 24
m 22715 154.4062806 -46.4073802 21
m 22716 154.4059186 -46.4074109  9
m 22717 154.4059224 -46.4067075 16
m 22718 154.4061645 -46.4060804 24
m 22719 154.4059667 -46.4061489 25
m 22720 154.4059236 -46.4059516 26
m 22723 154.4060031 -46.4056029 23
m 22732 154.4061644 -46.4041601 15
m 22735 154.4062089 -46.4039977 20
m 22736 154.4060866 -46.4038315 15
m 22737 154.4059303 -46.4038334  5
m 22738 154.406315  -46.4036754 14
m 22742 154.4062098 -46.4032558 12
m 22745 154.4062567 -46.4025804 24
m 22748 154.4058954 -46.4019604 26
m 22750 154.4061211 -46.4006173 12
m 22751 154.4060213 -46.4002393 24
m 22753 154.4061891 -46.3993083 24
m 22754 154.4059568 -46.3993366 22
m 22760 154.4061068 -46.3985064 25
m 22761 154.4059105 -46.3982794 14
m 22767 154.4056442 -46.4110772 36
m 22770 154.405792  -46.410419   7
m 22776 154.4055851 -46.4092964 26
m 22778 154.4055545 -46.4088466 21
m 22781 154.4056918 -46.4081441 21
m 22787 154.4055101 -46.4074947 26
m 22792 154.4054108 -46.4065205 26
m 22795 154.4055493 -46.4053476 17
m 22800 154.4054059 -46.4048028 26
m 22805 154.4056205 -46.4031836 26
m 22817 154.4056244 -46.3998741  5
m 22818 154.4054741 -46.399928  24
m 22819 154.4054109 -46.3998129 24
m 22820 154.4057704 -46.3993561 14
m 22822 154.4057713 -46.3983036 25
m 22824 154.405705  -46.3978175 22
m 22826 154.4050316 -46.4110779 13
m 22829 154.4051924 -46.410324  49
m 22833 154.40503   -46.4097035  9
m 22834 154.4048966 -46.4094562 26
m 22835 154.4048928 -46.4088743 25
m 22839 154.4052706 -46.40756   12
m 22844 154.405089  -46.4055    10
m 22858 154.4052098 -46.4021236  6
m 22859 154.4049493 -46.4018889  5
m 22861 154.4053739 -46.4016264 26
m 22863 154.40494   -46.400484  18
m 22867 154.4053661 -46.398811  26
m 22874 154.404942  -46.3978721  5
m 22875 154.4048094 -46.4108718 44
m 22876 154.4047867 -46.4105328 52
m 22880 154.4048332 -46.4096293 25
m 22881 154.4045056 -46.409281  25
m 22882 154.4044375 -46.4091067 26
m 22885 154.4047201 -46.4082078 10
m 22886 154.4046994 -46.4077183 24
m 22887 154.4045545 -46.4076489 15
m 22889 154.4045852 -46.4075762 16
m 22890 154.4044446 -46.4074243 26
m 22892 154.4046395 -46.4072574 26
m 22893 154.4047815 -46.4068799 10
m 22899 154.4044943 -46.4057978 25
m 22904 154.4047803 -46.405064   7
m 22905 154.4045043 -46.4048554 20
m 22910 154.4044932 -46.404129  26
m 22914 154.4047067 -46.4034551 13
m 22915 154.4046906 -46.4033103 13
m 22916 154.4045798 -46.4029199 26
m 22920 154.4046327 -46.4021879 20
m 22927 154.4047699 -46.4006124 16
m 22931 154.404794  -46.3989546 25
m 22936 154.4046038 -46.397553  12
m 22938 154.403992  -46.4109528  9
m 22939 154.4039239 -46.4107729 57
m 22940 154.404025  -46.4104712 58
m 22941 154.4042949 -46.4100006 10
m 22942 154.4038834 -46.4097431 27
m 22945 154.4040035 -46.4094139  9
m 22950 154.4040294 -46.4085222 27
m 22951 154.4039086 -46.4078421 14
m 22952 154.4042574 -46.4071619 13
m 22954 154.4042197 -46.4069714 14
m 22958 154.4040515 -46.4062875 24
m 22959 154.4039083 -46.4065414 25
m 22964 154.4040711 -46.4056567  4
m 22965 154.403975  -46.4056529 15
m 22966 154.4043365 -46.4053925 20
m 22967 154.4039009 -46.4054758 27
m 22972 154.4042777 -46.4040699  8
m 22973 154.4043484 -46.4035474 21
m 22978 154.4041731 -46.4026135 20
m 22980 154.4043693 -46.4021036 26
m 22983 154.4039552 -46.4018892 23
m 22989 154.4042486 -46.4008936 18
m 22990 154.4040432 -46.4009896 27
m 22994 154.404164  -46.4002225 27
m 23000 154.4040105 -46.3991815 27
m 23004 154.4043183 -46.3980026  8
m 23005 154.4042884 -46.3977949 18
m 23014 154.4038401 -46.4092426 23
m 23016 154.4036584 -46.4089953 24
m 23017 154.4037972 -46.408541  26
m 23019 154.4036413 -46.4083083 27
m 23020 154.4033677 -46.407926  22
m 23021 154.4038699 -46.4076243 27
m 23022 154.4036141 -46.4071003 21
m 23030 154.4035637 -46.4058576  4
m 23031 154.4035361 -46.4055443 19
m 23033 154.4034527 -46.4055979 11
m 23036 154.4037524 -46.4049906 15
m 23037 154.4033691 -46.4049574  3
m 23040 154.403406  -46.4041688  3
m 23044 154.4033778 -46.4036381  7
m 23045 154.4035137 -46.403434  27
m 23049 154.4034456 -46.4025332 27
m 23061 154.4034543 -46.4012149 27
m 23062 154.4035973 -46.4010278 26
m 23063 154.4035584 -46.4006822 23
m 23067 154.4034158 -46.4004649 25
m 23071 154.403527  -46.3998817 15
m 23079 154.403852  -46.3982608 27
m 23080 154.4038563 -46.3979444 23
m 23084 154.4030682 -46.410601   4
m 23087 154.4028881 -46.410115   5
m 23094 154.4032136 -46.4091975 27
m 23096 154.4032851 -46.4087871 10
m 23099 154.4033278 -46.408556  12
m 23104 154.4033419 -46.4077839 27
m 23105 154.4029357 -46.4077963 23
m 23107 154.4031091 -46.4071308  9
m 23117 154.402949  -46.4055376 13
m 23119 154.4030301 -46.4050738 27
m 23120 154.4029324 -46.4047524 10
m 23121 154.4028781 -46.4045751 23
m 23124 154.40287   -46.4043364 27
m 23134 154.4032386 -46.4018533 15
m 23143 154.4029492 -46.4003154 15
m 23145 154.4030654 -46.399429  10
m 23146 154.4030271 -46.3995317 16
m 23148 154.4032203 -46.3983089 25
m 23151 154.4031016 -46.3974269  4
m 23154 154.402592  -46.4106129 61
m 23155 154.4028454 -46.4101678 23
m 23156 154.4026343 -46.4103978 59
m 23161 154.4028039 -46.4084878  7
m 23167 154.402697  -46.4074968 25
m 23175 154.4026434 -46.4049449 24
m 23179 154.4026148 -46.4038536 26
m 23181 154.4024178 -46.4036511 16
m 23194 154.4025016 -46.4026786 14
m 23204 154.4028112 -46.4003168 22
m 23214 154.4027226 -46.3988018 11
m 23215 154.4026701 -46.3982975 27
m 23216 154.4023772 -46.3983636 27
m 23217 154.4027009 -46.3980519 12
m 23220 154.402344  -46.4100611 42
m 23222 154.4023525 -46.4094963 27
m 23223 154.4020546 -46.4095429 26
m 23225 154.4021207 -46.4091187 22
m 23226 154.4019511 -46.4084796 27
m 23227 154.4020961 -46.4078015 10
m 23233 154.4019263 -46.4069758 19
m 23234 154.4022281 -46.4068732 22
m 23237 154.4023582 -46.4055103 21
m 23238 154.4020601 -46.4054931  3
m 23241 154.4020071 -46.4045386  9
m 23256 154.4023033 -46.4008947 16
m 23257 154.4022485 -46.4007246 27
m 23258 154.4023355 -46.4002636 25
m 23261 154.4023085 -46.398945  27
m 23262 154.4022268 -46.3985374  6
m 23266 154.4021547 -46.3977129  7
m 23273 154.4015892 -46.4100182 43
m 23276 154.4016366 -46.4092061 27
m 23280 154.4013722 -46.4072412  4
m 23281 154.401852  -46.4067904 26
m 23282 154.4014608 -46.4068479  4
m 23284 154.4015763 -46.4065414 17
m 23287 154.4015229 -46.4056629  7
m 23291 154.4017131 -46.404195  12
m 23293 154.4016464 -46.4038428 27
m 23295 154.4018144 -46.4037512  8
m 23296 154.4013892 -46.403415  27
m 23301 154.4017224 -46.4016862 27
m 23302 154.401834  -46.401385  27
m 23304 154.401748  -46.3996436 26
m 23305 154.4013527 -46.3994674 27
m 23309 154.4014327 -46.3988969 10
m 23316 154.4009309 -46.4110696  7
m 23321 154.4009511 -46.4094808 28
m 23322 154.4009199 -46.4085282 31
m 23323 154.4009069 -46.4074179 22
m 23324 154.4008668 -46.4067832 16
m 23327 154.4009013 -46.406128  27
m 23329 154.400917  -46.4054944  9
m 23330 154.4012907 -46.4050246 27
m 23331 154.4009469 -46.4046058  4
m 23332 154.4009016 -46.4044968 17
m 23333 154.4013451 -46.4039669 24
m 23335 154.4011328 -46.4041228  7
m 23340 154.4013208 -46.4022893 15
m 23341 154.4010972 -46.4021937 27
m 23342 154.4010459 -46.4018125 25
m 23344 154.4009589 -46.4015925 24
m 23345 154.4011424 -46.4013    27
m 23349 154.4013007 -46.4006782 19
m 23351 154.4011317 -46.4000696 27
m 23354 154.4009801 -46.3996155 20
m 23360 154.4011026 -46.3974636  9
m 23362 154.4008346 -46.4108458 11
m 23364 154.4003598 -46.4106397 50
m 23367 154.4003645 -46.410163  13
m 23368 154.4007632 -46.4097533 23
m 23372 154.4008242 -46.4092043 31
m 23373 154.400767  -46.4090258 29
m 23374 154.4006055 -46.4092043 18
m 23375 154.4004    -46.4086986 30
m 23376 154.4005658 -46.4087428  6
m 23380 154.4003713 -46.4073825  9
m 23381 154.4005113 -46.4072516 27
m 23383 154.4006626 -46.4070355 24
m 23384 154.4007286 -46.4068878  3
m 23389 154.4003523 -46.4045815  6
m 23391 154.4006001 -46.4042054  8
m 23393 154.4008236 -46.4041126  9
m 23394 154.4004456 -46.4041507 17
m 23395 154.4004077 -46.4039655 15
m 23397 154.400622  -46.4035794 27
m 23400 154.4005923 -46.4025859 23
m 23404 154.4005865 -46.4018794 10
m 23407 154.4008441 -46.4011382 23
m 23409 154.4004653 -46.4011965  5
m 23411 154.4008345 -46.4002783 24
m 23412 154.4005787 -46.4001358 21
m 23413 154.4006842 -46.3997418 21
m 23414 154.4005807 -46.3997069 19
m 23418 154.4007008 -46.3990562 23
m 23420 154.4006237 -46.3987205 26
m 23423 154.400463  -46.3984332 26
m 23428 154.4003206 -46.4100826 37
m 23431 154.4000175 -46.4087701 12
m 23434 154.4000403 -46.4078179 12
m 23436 154.4000732 -46.4065993 12
m 23438 154.4002668 -46.4062389 11
m 23439 154.400073  -46.4062818 15
m 23441 154.4002527 -46.4056314  3
m 23442 154.4001722 -46.4057334 19
m 23443 154.3999317 -46.4056326 12
m 23446 154.4001412 -46.4045852  5
m 23449 154.4003165 -46.4042825 11
m 23452 154.4001828 -46.4032589 24
m 23456 154.4001418 -46.4018925  5
m 23458 154.3998687 -46.40172   16
m 23459 154.4000882 -46.4012419 19
m 23460 154.3998931 -46.4011675 13
m 23461 154.4001585 -46.400758  24
m 23476 154.3994307 -46.4099045  8
m 23478 154.3997482 -46.4091938 21
m 23479 154.3995411 -46.4090988  8
m 23480 154.3994219 -46.4087997  7
m 23484 154.3997887 -46.4079536 16
m 23486 154.3995807 -46.4070888 10
m 23489 154.399763  -46.4068365 16
m 23493 154.3996791 -46.4060272 16
m 23497 154.3995138 -46.4047968 16
m 23498 154.3996254 -46.4041918  8
m 23499 154.3998196 -46.4038354  8
m 23502 154.3997675 -46.4033648 17
m 23507 154.399608  -46.4024015 16
m 23509 154.399408  -46.4022059 16
m 23512 154.3994883 -46.4010105  8
m 23514 154.3994643 -46.4005316  5
m 23517 154.3996597 -46.4000376 16
m 23519 154.3994111 -46.3985636 16
m 23523 154.3990094 -46.4107062 22
m 23526 154.3992588 -46.4100174 26
m 23528 154.3992575 -46.4093906 20
m 23529 154.3993338 -46.4091774 20
m 23533 154.3992933 -46.4089516  9
m 23536 154.3990194 -46.4083242 20
m 23539 154.3992876 -46.4078555 19
m 23542 154.3992745 -46.4072744 19
m 23546 154.3990847 -46.4062722 14
m 23550 154.3992718 -46.4056012 15
m 23553 154.3992783 -46.4050277 15
m 23559 154.3990298 -46.4041209 16
m 23560 154.3989936 -46.4036828 16
m 23561 154.3991856 -46.4031724 16
m 23564 154.3992005 -46.4024367  7
m 23565 154.3990587 -46.4025969  6
m 23570 154.3989652 -46.4010687  4
m 23573 154.3990043 -46.4008694 11
m 23575 154.3990964 -46.4002751 11
m 23576 154.3990593 -46.400094   9
m 23578 154.3991454 -46.3993465  8
m 23579 154.3991212 -46.399614  16
m 23581 154.3991537 -46.3982988 14
m 23586 154.399072  -46.3980647 16
m 23591 154.3985809 -46.411031  36
m 23596 154.3986    -46.4092356 19
m 23599 154.3986283 -46.408331  10
m 23602 154.398704  -46.4082701 18
m 23609 154.3987003 -46.4063758 18
m 23611 154.3986282 -46.4061391  3
m 23613 154.3985538 -46.4055214 15
m 23618 154.398371  -46.4043991 12
m 23621 154.3984544 -46.4038139 16
m 23622 154.3984048 -46.4040791 16
m 23628 154.3985349 -46.4022095 10
m 23629 154.3983879 -46.4024031 16
m 23631 154.3984115 -46.401783   6
m 23633 154.3987803 -46.4015577 16
m 23634 154.39857   -46.4014637 16
m 23637 154.3983503 -46.4012185  7
m 23640 154.3984875 -46.40066   15
m 23646 154.3985965 -46.3997721 16
m 23649 154.3983455 -46.3982078  8
m 23652 154.398438  -46.3974446  4
m 23654 154.3980961 -46.4107513 37
m 23656 154.3978741 -46.410316  33
m 23657 154.3980806 -46.4099136 20
m 23658 154.3979376 -46.4100379 24
m 23662 154.3981514 -46.4096802 16
m 23665 154.3978829 -46.4092629 15
m 23667 154.3980292 -46.4083974 18
m 23672 154.397977  -46.4082806 10
m 23676 154.3982674 -46.4074035 20
m 23679 154.3979095 -46.4071414  4
m 23681 154.3979967 -46.4067831 14
m 23682 154.3982419 -46.4063803 16
m 23683 154.3980899 -46.4057879  8
m 23684 154.3978923 -46.4056077 15
m 23689 154.3980298 -46.4045759 12
m 23690 154.3979528 -46.4046886 14
m 23693 154.397978  -46.4044336  8
m 23695 154.3981729 -46.4036514 15
m 23698 154.3981862 -46.4031786 16
m 23701 154.3981332 -46.4027993 16
m 23703 154.397837  -46.4029274  8
m 23705 154.3982376 -46.4022135 16
m 23712 154.3979918 -46.3994691 14
m 23716 154.3980444 -46.3984242  7
m 23725 154.3974427 -46.4101643 16
m 23727 154.3976477 -46.409939  23
m 23728 154.3973988 -46.4097547 20
m 23729 154.3976732 -46.4092049  9
m 23730 154.3973446 -46.4092476  4
m 23739 154.397708  -46.4072517 17
m 23740 154.3973318 -46.4072622 13
m 23741 154.3978161 -46.4061872 15
m 23742 154.3973829 -46.4059957 13
m 23748 154.3976476 -46.4036943 13
m 23754 154.3975438 -46.4023739  8
m 23757 154.3976744 -46.4016015  6
m 23760 154.3974569 -46.4009207 15
m 23763 154.3973413 -46.4005887  7
m 23766 154.3977577 -46.4002128 12
m 23771 154.3975113 -46.3991104  3
m 23775 154.3977679 -46.3985146 15
m 23781 154.3974313 -46.3976592  8
m 23785 154.3970637 -46.4108016  5
m 23786 154.3973228 -46.4106028 18
m 23788 154.397043  -46.4102979 25
m 23790 154.3969415 -46.4099464  5
m 23793 154.3969709 -46.4084715 19
m 23794 154.397317  -46.4081494 19
m 23799 154.3969498 -46.4075404 19
m 23801 154.3970832 -46.407263  19
m 23802 154.3968214 -46.4069704  9
m 23803 154.3970588 -46.406093  15
m 23808 154.3971207 -46.4049707  6
m 23809 154.3970174 -46.4048833 15
m 23816 154.3972411 -46.4037312 13
m 23823 154.3972279 -46.4027486 15
m 23827 154.3972842 -46.4014607 12
m 23833 154.3970633 -46.3999862  7
m 23835 154.3968323 -46.4000398 12
m 23840 154.3969062 -46.398295   8
m 23844 154.3964817 -46.4107037 33
m 23845 154.3963672 -46.4102815 12
m 23847 154.3966513 -46.4095134 18
m 23848 154.3964495 -46.4094594 18
m 23849 154.3966505 -46.4091554  5
m 23851 154.3964771 -46.4089255 19
m 23853 154.3966812 -46.4086312 19
m 23855 154.3967256 -46.407747   7
m 23857 154.3966204 -46.4070538  5
m 23864 154.3967969 -46.4061641 15
m 23873 154.3965342 -46.4047179  8
m 23876 154.3967937 -46.4043852 14
m 23881 154.3963513 -46.4032755 15
m 23888 154.3965973 -46.4009938 15
m 23889 154.3963587 -46.4005888 15
m 23890 154.3966913 -46.4001645  9
m 23891 154.3965851 -46.4002077  6
m 23894 154.3966228 -46.3997666 11
m 23896 154.3966449 -46.3990369 10
m 23900 154.396747  -46.3987469 11
m 23904 154.3965345 -46.3977636  8
m 23907 154.3960174 -46.4110374 18
m 23908 154.3962811 -46.4106517 16
m 23909 154.3962106 -46.4106812  7
m 23910 154.3961299 -46.4101758 29
m 23911 154.3958245 -46.4099282 19
m 23913 154.3960913 -46.4092342 15
m 23914 154.3961895 -46.4090095 19
m 23915 154.3958503 -46.4087119 19
m 23916 154.3962852 -46.408392  19
m 23918 154.3958598 -46.4084977 19
m 23925 154.3962225 -46.4072722 15
m 23927 154.3961128 -46.406934  10
m 23929 154.3962111 -46.4068538 11
m 23930 154.3959076 -46.4065995 15
m 23931 154.395889  -46.4067677 15
m 23933 154.3961539 -46.4064362  5
m 23938 154.396232  -46.4056213 15
m 23942 154.3962701 -46.4052755 15
m 23945 154.3961139 -46.4032319 12
m 23947 154.395844  -46.4031794 15
m 23954 154.3961915 -46.4010494  7
m 23959 154.396316  -46.4003845 15
m 23963 154.3961404 -46.4002455 10
m 23964 154.3961769 -46.3998302 15
m 23965 154.3960982 -46.3999744 14
m 23970 154.3961539 -46.3987701  5
m 23971 154.3960863 -46.3983744 15
m 23973 154.3962747 -46.3975331  5
m 23975 154.3957262 -46.4099655 11
m 23976 154.3956537 -46.4098031 22
m 23978 154.3954453 -46.4095156  3
m 23981 154.3954348 -46.4084699  9
m 23985 154.3954153 -46.4078139 17
m 23986 154.3953824 -46.407191  13
m 23987 154.3953403 -46.4070931 12
m 23988 154.3956701 -46.4064002 15
m 23991 154.3954191 -46.4056068 10
m 23992 154.395367  -46.4058729 15
m 23997 154.3954927 -46.4049854 11
m 24003 154.395498  -46.40405   15
m 24004 154.3954222 -46.4032172 11
m 24006 154.3955986 -46.4022731 11
m 24012 154.3957304 -46.400366  10
m 24013 154.3956027 -46.4004467  7
m 24014 154.3955247 -46.4003404  7
m 24015 154.3953121 -46.4002008 15
m 24019 154.3956014 -46.3992134 15
m 24020 154.3954516 -46.3991897  8
m 24023 154.3952684 -46.411054  36
m 24026 154.39484   -46.4108464 36
m 24027 154.3952588 -46.4104171 17
m 24032 154.39483   -46.4088872 19
m 24046 154.3948842 -46.405976  15
m 24064 154.3948433 -46.4024989 15
m 24068 154.395216  -46.4019058  6
m 24072 154.3950118 -46.4012415 11
m 24073 154.394878  -46.4004961 13
m 24074 154.394836  -46.4000747 15
m 24075 154.3951387 -46.3999394 15
m 24077 154.3949469 -46.3992567  8
m 24080 154.3948291 -46.3988243  7
m 24081 154.3949974 -46.3982521 14
m 24083 154.3945231 -46.4108125  7
m 24085 154.3944959 -46.410703  36
m 24086 154.3943351 -46.4101274 25
m 24087 154.3944342 -46.4098211  3
m 24088 154.3948017 -46.4096623 11
m 24090 154.3944442 -46.4094437 16
m 24093 154.3946796 -46.408493  11
m 24097 154.3947975 -46.4068764 15
m 24098 154.3945477 -46.4067751 15
m 24099 154.394335  -46.4068663 11
m 24101 154.3944699 -46.4062608  9
m 24107 154.3946986 -46.4042966 15
m 24111 154.3945651 -46.4038154  9
m 24113 154.3947425 -46.4031003  4
m 24119 154.3946717 -46.4019454 14
m 24121 154.3945407 -46.4016727  8
m 24128 154.394652  -46.3993619 14
m 24134 154.3944446 -46.3976795  4
m 24135 154.3938235 -46.4107714 36
m 24136 154.3940377 -46.4104384 33
m 24137 154.3939632 -46.4101181 27
m 24139 154.3939883 -46.4096628  3
m 24140 154.3940989 -46.4093301  5
m 24141 154.393964  -46.4092307 13
m 24142 154.3940293 -46.4088285 19
m 24144 154.3940671 -46.4079158  8
m 24145 154.3938284 -46.4079637 14
m 24148 154.393978  -46.4075976 15
m 24150 154.3938888 -46.4062203 15
m 24151 154.3938309 -46.4055035 10
m 24155 154.3941348 -46.4042477 12
m 24161 154.3942588 -46.4033484 15
m 24169 154.3938472 -46.4016419 14
m 24170 154.3941228 -46.4012248  6
m 24173 154.3942504 -46.4004247 15
m 24175 154.3940188 -46.4003898 10
m 24176 154.3942615 -46.4003166 15
m 24178 154.3938086 -46.4000387  7
m 24180 154.3942519 -46.398982  15
m 24181 154.3938433 -46.3984659 14
m 24182 154.3941977 -46.3979927 15
m 24188 154.393649  -46.4103482 31
m 24190 154.393514  -46.4093845 19
m 24191 154.3936698 -46.4083449 16
m 24192 154.3937972 -46.4078677 12
m 24196 154.3934125 -46.4076895  8
m 24200 154.3935387 -46.4072204 15
m 24202 154.3934139 -46.4069146 15
m 24207 154.3937063 -46.4057727  3
m 24210 154.3936758 -46.4053309 15
m 24213 154.3933716 -46.4044357  9
m 24215 154.3936689 -46.4031282 15
m 24216 154.3935335 -46.4034031 15
m 24218 154.3936339 -46.4028643 15
m 24220 154.3937126 -46.4022249 15
m 24223 154.3936953 -46.4018789 15
m 24228 154.3933831 -46.4010983 15
m 24234 154.3936443 -46.3999411 14
m 24247 154.3930863 -46.4106368 34
m 24254 154.3931489 -46.4097021  8
m 24255 154.3932909 -46.4083851 13
m 24261 154.393113  -46.4075711  4
m 24266 154.393115  -46.4068625 15
m 24268 154.3928911 -46.4061873 15
m 24269 154.3928407 -46.4055923 15
m 24277 154.3932196 -46.4039515  3
m 24280 154.3932558 -46.4034278 14
m 24283 154.3929025 -46.4034244  9
m 24284 154.3930929 -46.4029798 15
m 24285 154.3931481 -46.4028797  3
m 24288 154.3932733 -46.4023244  7
m 24291 154.3928164 -46.4008234 15
m 24298 154.3932446 -46.399351  13
m 24302 154.3930474 -46.3996382 13
m 24311 154.3925502 -46.4109913 30
m 24312 154.3926591 -46.4101272 27
m 24313 154.392752  -46.4091402 16
m 24315 154.3924076 -46.4087302  9
m 24322 154.3922986 -46.4079667  5
m 24323 154.3927632 -46.4075276 15
m 24326 154.3923458 -46.4075167 15
m 24328 154.3925684 -46.407206  15
m 24329 154.392663  -46.4066458  3
m 24332 154.3927847 -46.4065695  8
m 24334 154.3927735 -46.4060675 15
m 24340 154.3923737 -46.4048577  6
m 24341 154.3922936 -46.4045131  6
m 24344 154.3927382 -46.4031141  5
m 24345 154.3926899 -46.403032  13
m 24348 154.3926446 -46.4027404 13
m 24356 154.392594  -46.4001448 13
m 24360 154.3925485 -46.3991431 14
m 24373 154.3926267 -46.3974773  5
m 24376 154.3920218 -46.4107907 31
m 24378 154.3918258 -46.4108061  3
m 24380 154.3920034 -46.4105832  3
m 24383 154.3918901 -46.4100336 23
m 24387 154.3920228 -46.4089429  5
m 24388 154.3921738 -46.4084927 10
m 24389 154.3919311 -46.4083729 14
m 24390 154.3918154 -46.4086657  7
m 24395 154.3918291 -46.4077389 12
m 24396 154.3919787 -46.4072293  6
m 24400 154.3918946 -46.4065728 15
m 24402 154.3920591 -46.4058981 10
m 24408 154.3918273 -46.4055847 12
m 24413 154.3919252 -46.4055006 13
m 24416 154.3921418 -46.4041375 15
m 24419 154.3922072 -46.4036932  9
m 24420 154.3921255 -46.4033795  4
m 24421 154.3918998 -46.4028458  9
m 24423 154.391854  -46.4020761  7
m 24427 154.3922832 -46.4010498 15
m 24433 154.3918146 -46.4010851 10
m 24440 154.3921063 -46.3995335 15
m 24450 154.3918002 -46.398691  15
m 24455 154.3920966 -46.3975727  8
m 24457 154.3915964 -46.4107515 22
m 24459 154.3916216 -46.4106682 17
m 24464 154.3914219 -46.408979  15
m 24468 154.3917169 -46.407614  13
m 24470 154.3917128 -46.4070914  8
m 24474 154.3913643 -46.4064427  9
m 24487 154.3915752 -46.4043141  6
m 24489 154.391458  -46.4022316 11
m 24498 154.3917555 -46.4002433 15
m 24504 154.3914001 -46.397919   7
m 24507 154.3915692 -46.3976286  7
m 24515 154.3908461 -46.4095085  3
m 24516 154.3912743 -46.4088709  4
m 24518 154.3908249 -46.4089293  4
m 24520 154.3908235 -46.408158   5
m 24521 154.3909063 -46.4079449  3
m 24523 154.3910758 -46.4073096 10
m 24524 154.3912361 -46.4067861 15
m 24525 154.3910555 -46.4066403 14
m 24528 154.3909776 -46.4063745  8
m 24530 154.3910972 -46.4056681  8
m 24537 154.3908952 -46.4043338 10
m 24541 154.3911741 -46.4037429  7
m 24545 154.3910033 -46.4028841  3
m 24549 154.3909133 -46.401688  15
m 24550 154.3908995 -46.4007563 10
m 24552 154.3910899 -46.4004412 15
m 24558 154.3910346 -46.3996144  5
m 24569 154.3904167 -46.4109997 25
m 24570 154.3904914 -46.4105471 14
m 24572 154.3903604 -46.4104929 19
m 24580 154.3907298 -46.4082813  5
m 24585 154.3906139 -46.406855  15
m 24587 154.3904786 -46.4065156 15
m 24592 154.3907252 -46.4044897 15
m 24593 154.3903405 -46.4038219 15
m 24594 154.3906315 -46.4028304 14
m 24595 154.3906629 -46.4019517 11
m 24600 154.3903687 -46.401184  15
m 24601 154.3904513 -46.4009453  9
m 24603 154.3905862 -46.4001114  7
m 24604 154.3905089 -46.4001367  6
m 24606 154.3904255 -46.3993924  8
m 24615 154.3903332 -46.3978397 10
m 24622 154.3902159 -46.4100239  3
m 24626 154.3902719 -46.4092489  5
m 24627 154.3900804 -46.4089532  8
m 24628 154.390121  -46.4086618  5
m 24634 154.3898107 -46.4072781 14
m 24635 154.3899993 -46.4068873  6
m 24636 154.3902369 -46.4064811 15
m 24637 154.3900794 -46.4063162 15
m 24638 154.3901518 -46.4060132  7
m 24647 154.3900246 -46.4050012  7
m 24649 154.3897804 -46.4050217  5
m 24652 154.3899318 -46.4044529 15
m 24653 154.3899663 -46.403449  15
m 24654 154.39002   -46.4031715 10
m 24659 154.3901863 -46.4022579 15
m 24660 154.3900358 -46.401939   4
m 24661 154.3899199 -46.4019631 13
m 24665 154.3900895 -46.4012616  9
m 24667 154.3898444 -46.4010772 15
m 24669 154.3902566 -46.4005979 15
m 24675 154.3898962 -46.3994272  6
m 24679 154.3902394 -46.3977441  9
m 24680 154.3898233 -46.3976802  5
m 24681 154.3896368 -46.4109743 32
m 24683 154.3896747 -46.4106819 23
m 24684 154.3893855 -46.4096381 15
m 24689 154.3894792 -46.4070064 13
m 24691 154.3897363 -46.4068987  3
m 24692 154.3893252 -46.4066593 10
m 24694 154.3897425 -46.4060594  5
m 24695 154.3896706 -46.4061269  8
m 24698 154.3896249 -46.4058131  9
m 24700 154.3896168 -46.4052932  9
m 24704 154.3896298 -46.4042568  4
m 24707 154.389563  -46.4038125 11
m 24713 154.3894865 -46.4030052 13
m 24716 154.3897172 -46.4017152 12
m 24717 154.3892798 -46.4015278 15
m 24719 154.3895621 -46.4010895 15
m 24721 154.3895625 -46.4009482 15
m 24727 154.3893257 -46.399924   5
m 24728 154.3893222 -46.3996345 14
m 24732 154.389763  -46.3979074  9
m 24736 154.3894794 -46.3974977  4
m 24737 154.389055  -46.4108607 32
m 24738 154.3887748 -46.4109963 36
m 24741 154.3889857 -46.410002   4
m 24746 154.3890996 -46.4083785  3
m 24749 154.3890937 -46.4077883  9
m 24751 154.3889068 -46.4078159 10
m 24753 154.3890665 -46.4070386 15
m 24756 154.3888447 -46.4061555  4
m 24757 154.389005  -46.4056427 12
m 24765 154.3891886 -46.4046385 10
m 24770 154.3888396 -46.4041427 11
m 24776 154.3889182 -46.4025168  5
m 24777 154.3888636 -46.4024911  3
m 24778 154.3891064 -46.4022721 15
m 24784 154.3888937 -46.4008306  6
m 24786 154.3889221 -46.3997701 11
m 24790 154.3889741 -46.3989607 15
m 24795 154.3891321 -46.3976546  8
m 24800 154.3884626 -46.409178   3
m 24803 154.3885985 -46.4081464 15
m 24806 154.3886714 -46.4073834 10
m 24807 154.3885597 -46.4070853  6
m 24808 154.3884479 -46.4070984  6
m 24809 154.3887393 -46.406643  14
m 24810 154.388303  -46.4066114  3
m 24812 154.3883527 -46.4060889  7
m 24814 154.3886581 -46.4057517  8
m 24820 154.3887325 -46.4042476 15
m 24825 154.3883062 -46.4037878 15
m 24827 154.3886451 -46.4023701 15
m 24828 154.3885921 -46.4019495 13
m 24832 154.3887572 -46.4012806 12
m 24838 154.3886471 -46.3995601 11
m 24844 154.3884289 -46.3983321 15
m 24846 154.3885584 -46.3982276  4
m 24847 154.3887535 -46.3975567  5
m 24848 154.388038  -46.4108415 17
m 24850 154.3880016 -46.4105035  9
m 24851 154.3878116 -46.4105937 22
m 24854 154.3879912 -46.4085925 15
m 24859 154.3879044 -46.4071652 15
m 24861 154.38777   -46.4065923 15
m 24862 154.3878386 -46.4062588 10
m 24867 154.3881561 -46.4053494 10
m 24868 154.3879078 -46.4053079  8
m 24874 154.3882395 -46.4044656 15
m 24875 154.3879204 -46.4041454 15
m 24876 154.3879951 -46.4035716  5
m 24877 154.3878785 -46.4035177 15
m 24879 154.3880498 -46.402878  10
m 24883 154.3881955 -46.4013692 15
m 24885 154.388246  -46.4007961 10
m 24892 154.3882538 -46.3994736  9
m 24893 154.3877672 -46.399534  10
m 24894 154.3880478 -46.3992337 13
m 24898 154.3879011 -46.3987173  9
m 24901 154.3879008 -46.3983587 13
m 24907 154.3875377 -46.411006  12
m 24909 154.3873724 -46.4109167 23
m 24912 154.3874743 -46.4104062 31
m 24914 154.3875489 -46.4099144  7
m 24917 154.3874572 -46.4095027  7
m 24923 154.3876033 -46.4083855 15
m 24929 154.3873138 -46.4066003 15
m 24930 154.3873061 -46.40624   15
m 24932 154.3875879 -46.4061235 15
m 24938 154.3877248 -46.4046881 15
m 24945 154.3877565 -46.4022761 15
m 24948 154.3872991 -46.4016727  7
m 24953 154.3877455 -46.4001449 10
m 24957 154.3873938 -46.3989748 12
m 24959 154.3873941 -46.3984871  8
m 24960 154.3876605 -46.3979217  3
m 24968 154.3868192 -46.4104605  4
m 24973 154.3868521 -46.4101095 16
m 24977 154.3868161 -46.4091552 15
m 24979 154.3870535 -46.4088922 12
m 24980 154.3869826 -46.4087165  6
m 24983 154.3868637 -46.4076958 15
m 24984 154.3867702 -46.4078852 15
m 24989 154.386969  -46.4056605  7
m 24998 154.3869347 -46.4020407 15
m 24999 154.3867899 -46.4018229  8
m 25002 154.3871005 -46.4016537  8
m 25003 154.38695   -46.4013208 15
m 25004 154.3869031 -46.4010834 15
m 25017 154.3863339 -46.4110406 25
m 25021 154.3864923 -46.4101027 15
m 25023 154.3862645 -46.4096361 10
m 25026 154.3864375 -46.408411   8
m 25027 154.3867155 -46.4081938 14
m 25031 154.3862648 -46.4073611 14
m 25032 154.3863734 -46.4071428 15
m 25033 154.3865631 -46.4066048 15
m 25037 154.3863757 -46.406171  15
m 25040 154.3864201 -46.4053835  9
m 25041 154.3864236 -46.4048924 15
m 25047 154.3862997 -46.4043193 14
m 25051 154.3864445 -46.4039443  8
m 25055 154.3862673 -46.402977  15
m 25058 154.3864871 -46.4008781 13
m 25059 154.3866664 -46.4007524  3
m 25061 154.3865417 -46.4006919 10
m 25062 154.3863249 -46.4010186 11
m 25063 154.3867051 -46.4004723  6
m 25068 154.3866478 -46.3987627 15
m 25070 154.3864799 -46.3986287 14
m 25083 154.3862298 -46.4108951 20
m 25085 154.3860485 -46.4110925 15
m 25091 154.3860167 -46.4082919  8
m 25095 154.3859076 -46.4069134 14
m 25098 154.3859734 -46.4058762 15
m 25101 154.3857954 -46.4054208 15
m 25102 154.3860324 -46.4051153 15
m 25106 154.385766  -46.402989  11
m 25116 154.3858461 -46.4001593 12
m 25120 154.3861095 -46.3995005 15
m 25122 154.3861776 -46.3992296 10
m 25127 154.3859847 -46.3985464 15
m 25130 154.3858341 -46.3978111 12
m 25132 154.3856279 -46.4108369 22
m 25136 154.3853503 -46.4096182 11
m 25137 154.3853818 -46.4090281 13
m 25140 154.3857331 -46.4088544  7
m 25141 154.3857345 -46.4082084 15
m 25144 154.3855787 -46.407421  15
m 25148 154.385589  -46.4064935 15
m 25150 154.3853191 -46.4060463 10
m 25155 154.3854814 -46.4053767 14
m 25159 154.3854305 -46.4048367 12
m 25162 154.3856568 -46.4025652 15
m 25163 154.3853927 -46.4025975 14
m 25166 154.3854746 -46.4021616 15
m 25178 154.3852509 -46.4002726 13
m 25186 154.3854634 -46.3988575  6
m 25189 154.385415  -46.3983445 15
m 25190 154.3852661 -46.398594   7
m 25200 154.3848927 -46.4095181  3
m 25205 154.3851669 -46.4088718  3
m 25209 154.3851254 -46.4082473  8
m 25210 154.3850213 -46.4080269 15
m 25211 154.3848653 -46.407682  15
m 25212 154.3851907 -46.4070153 14
m 25213 154.3847865 -46.4072471 15
m 25215 154.3851443 -46.4065712 14
m 25217 154.3848973 -46.4061412 10
m 25221 154.3847594 -46.4046373  8
m 25224 154.3847646 -46.4035601  8
m 25225 154.3851172 -46.4031032 15
m 25228 154.3851092 -46.4018022 11
m 25229 154.3848369 -46.4018138 15
m 25233 154.385156  -46.4016133  3
m 25235 154.3851481 -46.4010571  7
m 25244 154.3849092 -46.4000141  6
m 25256 154.385208  -46.3977819  3
m 25260 154.3847523 -46.3975319  4
m 25266 154.3842944 -46.40955   15
m 25267 154.3843626 -46.4092646 11
m 25269 154.3846466 -46.4088449 14
m 25272 154.3846375 -46.4084106 15
m 25277 154.3844144 -46.40747   15
m 25279 154.3846041 -46.4059617 14
m 25288 154.3846355 -46.4034634  6
m 25291 154.3846244 -46.4030175 14
m 25292 154.3845995 -46.4027156 15
m 25293 154.3847052 -46.402156  15
m 25300 154.3842774 -46.401126  15
m 25301 154.3845342 -46.4004797 15
m 25307 154.3844161 -46.3990322 15
m 25314 154.3837889 -46.4104809  9
m 25318 154.3838885 -46.4079702 12
m 25319 154.3837321 -46.4077311 15
m 25322 154.3837511 -46.406802  14
m 25329 154.3841286 -46.4050538 15
m 25330 154.3840106 -46.4045148 12
m 25334 154.3841573 -46.4036452  3
m 25336 154.383953  -46.4032476 15
m 25340 154.383891  -46.4021678  6
m 25341 154.3838325 -46.4023473 10
m 25345 154.3838351 -46.4012323 15
m 25362 154.3840785 -46.3978881 14
m 25364 154.3837651 -46.3975346  3
m 25365 154.3834366 -46.4110376 21
m 25366 154.3836562 -46.4104442 19
m 25371 154.3834606 -46.4099019 15
m 25373 154.3833613 -46.4096761 14
m 25375 154.3835829 -46.4091639  6
m 25382 154.3836694 -46.4084679 15
m 25385 154.3835065 -46.4081703  9
m 25386 154.3835436 -46.4076747 10
m 25392 154.3834591 -46.4060937  9
m 25394 154.3834663 -46.4046028 15
m 25405 154.3834301 -46.4034376  7
m 25412 154.3836233 -46.4015285 15
m 25416 154.3836018 -46.400909  15
m 25417 154.3834665 -46.4008247 14
m 25418 154.38332   -46.4009237  5
m 25425 154.3836281 -46.3993838 15
m 25430 154.3833955 -46.3978065  9
m 25435 154.3829972 -46.4106702 22
m 25440 154.3829392 -46.4100742 14
m 25447 154.3828212 -46.4083771  9
m 25450 154.3827706 -46.4067986 11
m 25452 154.383128  -46.4062017  8
m 25458 154.3829958 -46.4046364 15
m 25462 154.382763  -46.4040258 15
m 25467 154.3830632 -46.4031724 15
m 25470 154.3830887 -46.4029626 15
m 25474 154.3830259 -46.4016982 12
m 25475 154.3827407 -46.4016074 15
m 25480 154.3828119 -46.4009093 15
m 25481 154.3829506 -46.4005024 10
m 25482 154.3827655 -46.4005269 15
m 25484 154.3829144 -46.3997918 15
m 25485 154.3829486 -46.3994113  5
m 25491 154.3831859 -46.3985462 15
m 25500 154.3824137 -46.4110495 10
m 25503 154.3825369 -46.4089501 15
m 25505 154.3822752 -46.408728   5
m 25506 154.3827172 -46.4083954  9
m 25509 154.3823715 -46.4081358  3
m 25510 154.3823163 -46.4082101 14
m 25511 154.3825307 -46.4077812  6
m 25519 154.3825788 -46.4063966 15
m 25522 154.3822317 -46.4064067 14
m 25533 154.382224  -46.4044896  3
m 25534 154.3826947 -46.4034204 15
m 25541 154.3822577 -46.4012871  6
m 25547 154.3825866 -46.4000539  5
m 25548 154.3824663 -46.4002704  9
m 25556 154.3823386 -46.3981623 15
m 25561 154.3819794 -46.4088856  3
m 25569 154.3817757 -46.4069062  4
m 25580 154.3819448 -46.4036308  3
m 25583 154.3819078 -46.4029197  6
m 25594 154.382065  -46.3989027  5
m 25602 154.3817018 -46.4100534  3
n 10856 154.4185618 -46.415293  13
n 11162 154.4158312 -46.4227204 13
n 11309 154.4148447 -46.4160455 14
n 11433 154.4138401 -46.4123189 11
n 11614 154.4123711 -46.4134575 13
n 12276 154.4067942 -46.4227526  5
n 12366 154.4062701 -46.415073  10
n 12642 154.4040496 -46.4123144  7
n 12856 154.4021564 -46.4169844 12
n 12918 154.4015665 -46.4160097 10
n 12969 154.4009126 -46.4213265 34
n 13016 154.4010944 -46.411823  12
n 13092 154.3999195 -46.4249122 13
n 13315 154.3984137 -46.4226419 21
n 13612 154.3965396 -46.4184905 14
n 13708 154.3960906 -46.4162746 16
n 14326 154.3917537 -46.4129494 22
n 14444 154.3905282 -46.4174611 19
n 14660 154.3884075 -46.4246863 15
n 15048 154.385579  -46.4118973  4
n 15114 154.3846957 -46.4220726  3
n 15316 154.383073  -46.414837  11
n 15370 154.3822178 -46.4176641  5
n 20613 154.424677  -46.4091359  3
n 20687 154.4243842 -46.4031855  5
n 21348 154.4181416 -46.3987883 11
n 21582 154.4162204 -46.4008327  9
n 21752 154.4148349 -46.40502    3
n 22010 154.4122754 -46.4045156 10
n 22135 154.4113111 -46.4027883  3
n 22186 154.4106912 -46.4075335  5
n 22804 154.4056161 -46.4036162 18
n 22930 154.4044766 -46.4001621 17
n 23243 154.4019115 -46.4038583  8
n 23463 154.4001191 -46.3992633  6
n 23465 154.3998557 -46.3990566 12
n 24184 154.3939463 -46.3981446 14
n 24534 154.3907989 -46.4054255 11
n 25128 154.3862348 -46.398132   3
n 25320 154.3839868 -46.4075022  9
